Camp_ID,Date,Location,State,Rural_Urban,Population,Camp_Duration_Days,Staff_Count,People_Screened,Prescriptions_Given,Frames_Used,Frames_Stock_Start,Frames_Stock_End,Month,Season
C0001,2023-02-09,Bengaluru,Karnataka,Urban,928608,2,5,377,290,264,463,199,2,Winter
C0002,2024-05-27,Kochi,Kerala,Semi-Urban,8418053,1,5,251,201,190,288,98,5,Summer
C0003,2024-07-10,Chennai,Tamil Nadu,Urban,8236885,3,5,561,499,458,575,117,7,Monsoon
C0004,2023-10-21,Shimla,Himachal Pradesh,Rural,7124432,3,3,523,437,405,469,64,10,Autumn
C0005,2024-10-28,Bengaluru,Karnataka,Urban,7186226,1,5,282,180,168,305,137,10,Autumn
C0006,2024-08-30,Kochi,Kerala,Semi-Urban,1818080,3,6,615,414,394,545,151,8,Monsoon
C0007,2024-01-12,Darbhanga,Bihar,Rural,5847746,1,4,460,304,282,409,127,1,Winter
C0008,2023-10-14,Shimla,Himachal Pradesh,Rural,7682092,3,2,357,312,306,417,111,10,Autumn
C0009,2023-10-05,Bengaluru,Karnataka,Urban,2600729,2,4,733,521,477,620,143,10,Autumn
C0010,2024-05-13,Kochi,Kerala,Semi-Urban,6430446,3,2,717,467,452,647,195,5,Summer
C0011,2024-05-09,Bhuj,Gujarat,Semi-Urban,5343311,3,6,625,443,421,579,158,5,Summer
C0012,2023-02-24,Jaipur,Rajasthan,Urban,4753125,1,4,147,124,122,239,117,2,Winter
C0013,2024-09-06,Chennai,Tamil Nadu,Urban,8078652,1,6,449,364,337,531,194,9,Monsoon
C0014,2023-02-20,Gaya,Bihar,Rural,6181588,3,5,608,441,434,505,71,2,Winter
C0015,2024-05-13,Chennai,Tamil Nadu,Urban,187233,1,4,741,506,486,607,121,5,Summer
C0016,2024-06-09,Gaya,Bihar,Rural,9345865,1,4,301,215,207,283,76,6,Summer
C0017,2023-05-10,Bengaluru,Karnataka,Urban,7050083,1,5,274,238,223,388,165,5,Summer
C0018,2023-05-25,Gaya,Bihar,Rural,2668210,1,5,458,343,315,507,192,5,Summer
C0019,2024-05-06,Chennai,Tamil Nadu,Urban,4436372,1,5,237,183,181,360,179,5,Summer
C0020,2023-02-24,Pune,Maharashtra,Urban,3469210,1,3,698,507,495,677,182,2,Winter
C0021,2024-09-22,Shimla,Himachal Pradesh,Rural,4175372,2,4,222,176,158,219,61,9,Monsoon
C0022,2024-08-23,Jaipur,Rajasthan,Urban,4036201,1,4,414,248,238,310,72,8,Monsoon
C0023,2024-04-10,Bengaluru,Karnataka,Urban,8806553,3,6,470,310,308,447,139,4,Summer
C0024,2024-04-19,Aligarh,Uttar Pradesh,Rural,6629096,2,5,736,580,553,725,172,4,Summer
C0025,2024-07-31,Aligarh,Uttar Pradesh,Rural,7443789,1,6,785,498,454,629,175,7,Monsoon
C0026,2023-03-11,Chennai,Tamil Nadu,Urban,2431307,1,2,386,271,266,349,83,3,Spring
C0027,2023-09-28,Kochi,Kerala,Semi-Urban,3741449,1,2,327,219,211,327,116,9,Monsoon
C0028,2024-01-29,Shimla,Himachal Pradesh,Rural,6305315,2,4,289,243,223,380,157,1,Winter
C0029,2023-02-15,Darbhanga,Bihar,Rural,8449829,3,6,144,97,94,186,92,2,Winter
C0030,2023-02-05,Aligarh,Uttar Pradesh,Rural,6919558,2,4,213,166,152,239,87,2,Winter
C0031,2024-04-08,Aligarh,Uttar Pradesh,Rural,9441241,3,4,764,683,626,742,116,4,Summer
C0032,2024-03-09,Pune,Maharashtra,Urban,2771978,3,3,530,474,470,593,123,3,Spring
C0033,2023-12-13,Aligarh,Uttar Pradesh,Rural,5855907,2,4,217,191,173,320,147,12,Winter
C0034,2024-10-06,Gaya,Bihar,Rural,7894309,3,4,391,282,267,425,158,10,Autumn
C0035,2023-10-05,Chennai,Tamil Nadu,Urban,1467353,3,4,533,412,398,481,83,10,Autumn
C0036,2023-12-10,Chennai,Tamil Nadu,Urban,7545359,1,6,552,485,451,541,90,12,Winter
C0037,2024-02-28,Jaipur,Rajasthan,Urban,9631177,2,3,668,523,483,565,82,2,Winter
C0038,2024-09-09,Bengaluru,Karnataka,Urban,3458795,1,3,725,437,428,604,176,9,Monsoon
C0039,2024-06-16,Kochi,Kerala,Semi-Urban,7221865,3,6,331,216,206,360,154,6,Summer
C0040,2024-08-10,Gaya,Bihar,Rural,9141366,2,6,744,581,532,697,165,8,Monsoon
C0041,2023-09-16,Gaya,Bihar,Rural,5992895,3,6,422,255,246,344,98,9,Monsoon
C0042,2023-04-18,Bhuj,Gujarat,Semi-Urban,4614251,2,2,565,343,317,508,191,4,Summer
C0043,2023-06-10,Shimla,Himachal Pradesh,Rural,538100,1,2,435,321,290,436,146,6,Summer
C0044,2024-11-12,Chennai,Tamil Nadu,Urban,6501989,3,3,617,520,483,601,118,11,Autumn
C0045,2023-09-15,Aligarh,Uttar Pradesh,Rural,5046875,3,6,189,168,160,345,185,9,Monsoon
C0046,2023-06-08,Kochi,Kerala,Semi-Urban,3645178,3,3,780,471,451,614,163,6,Summer
C0047,2023-05-03,Aligarh,Uttar Pradesh,Rural,6969361,3,5,427,347,314,414,100,5,Summer
C0048,2024-08-18,Bengaluru,Karnataka,Urban,6264424,1,2,549,459,443,587,144,8,Monsoon
C0049,2023-05-04,Pune,Maharashtra,Urban,7888422,1,3,722,603,598,759,161,5,Summer
C0050,2023-11-05,Kochi,Kerala,Semi-Urban,8953194,3,3,387,319,315,442,127,11,Autumn
C0051,2024-09-19,Shimla,Himachal Pradesh,Rural,8667268,2,4,130,111,103,240,137,9,Monsoon
C0052,2023-06-09,Bhuj,Gujarat,Semi-Urban,8921631,3,3,766,678,611,704,93,6,Summer
C0053,2024-05-28,Bengaluru,Karnataka,Urban,337568,3,2,122,90,88,175,87,5,Summer
C0054,2024-02-18,Bhuj,Gujarat,Semi-Urban,2709261,1,6,140,100,93,271,178,2,Winter
C0055,2024-08-04,Bengaluru,Karnataka,Urban,1865633,2,4,127,94,86,272,186,8,Monsoon
C0056,2023-05-01,Pune,Maharashtra,Urban,3343678,2,5,527,454,449,525,76,5,Summer
C0057,2024-10-10,Bhuj,Gujarat,Semi-Urban,8201764,2,4,199,168,156,255,99,10,Autumn
C0058,2024-09-15,Bhuj,Gujarat,Semi-Urban,2271860,2,6,431,355,338,525,187,9,Monsoon
C0059,2024-05-04,Aligarh,Uttar Pradesh,Rural,4366715,3,2,116,89,85,177,92,5,Summer
C0060,2024-11-19,Shimla,Himachal Pradesh,Rural,9614887,2,5,785,578,541,641,100,11,Autumn
C0061,2024-09-29,Darbhanga,Bihar,Rural,3566837,3,6,135,98,94,270,176,9,Monsoon
C0062,2023-02-16,Aligarh,Uttar Pradesh,Rural,4965307,2,3,305,250,241,403,162,2,Winter
C0063,2023-03-16,Darbhanga,Bihar,Rural,6483489,3,3,800,665,598,721,123,3,Spring
C0064,2023-01-24,Pune,Maharashtra,Urban,1941451,3,2,720,441,409,460,51,1,Winter
C0065,2023-04-23,Jaipur,Rajasthan,Urban,7673315,3,3,559,374,341,533,192,4,Summer
C0066,2023-03-31,Gaya,Bihar,Rural,9761859,2,4,463,412,397,476,79,3,Spring
C0067,2023-12-07,Bhuj,Gujarat,Semi-Urban,6950473,2,3,746,544,525,677,152,12,Winter
C0068,2024-11-11,Aligarh,Uttar Pradesh,Rural,5091746,1,6,517,329,306,363,57,11,Autumn
C0069,2023-06-30,Shimla,Himachal Pradesh,Rural,1585650,1,6,771,470,459,558,99,6,Summer
C0070,2023-10-25,Pune,Maharashtra,Urban,6779631,1,4,126,98,90,288,198,10,Autumn
C0071,2023-03-09,Darbhanga,Bihar,Rural,898551,2,5,168,146,140,340,200,3,Spring
C0072,2024-02-16,Darbhanga,Bihar,Rural,1423351,1,6,322,197,179,249,70,2,Winter
C0073,2023-02-28,Aligarh,Uttar Pradesh,Rural,5541521,2,5,531,397,396,527,131,2,Winter
C0074,2024-08-28,Gaya,Bihar,Rural,9725863,1,3,176,151,142,341,199,8,Monsoon
C0075,2024-06-24,Pune,Maharashtra,Urban,2111068,3,3,559,410,403,570,167,6,Summer
C0076,2024-11-22,Bengaluru,Karnataka,Urban,8199461,1,6,164,117,106,162,56,11,Autumn
C0077,2024-04-06,Kochi,Kerala,Semi-Urban,1700649,2,4,511,330,310,388,78,4,Summer
C0078,2024-09-29,Darbhanga,Bihar,Rural,947483,3,5,743,585,565,708,143,9,Monsoon
C0079,2023-07-31,Bhuj,Gujarat,Semi-Urban,3236246,2,5,103,65,59,207,148,7,Monsoon
C0080,2023-12-15,Chennai,Tamil Nadu,Urban,3095156,1,5,190,135,129,207,78,12,Winter
C0081,2024-06-29,Bengaluru,Karnataka,Urban,6421632,1,5,142,109,99,169,70,6,Summer
C0082,2023-11-19,Pune,Maharashtra,Urban,7252957,2,5,311,203,194,326,132,11,Autumn
C0083,2023-07-25,Pune,Maharashtra,Urban,8714152,3,5,103,72,70,194,124,7,Monsoon
C0084,2023-06-19,Darbhanga,Bihar,Rural,3875799,1,6,739,639,620,791,171,6,Summer
C0085,2024-02-14,Pune,Maharashtra,Urban,2612313,3,6,234,183,171,363,192,2,Winter
C0086,2023-01-03,Gaya,Bihar,Rural,7612524,3,6,654,538,514,626,112,1,Winter
C0087,2023-06-05,Gaya,Bihar,Rural,623860,3,2,560,364,354,447,93,6,Summer
C0088,2024-10-17,Chennai,Tamil Nadu,Urban,3728194,2,2,447,315,294,360,66,10,Autumn
C0089,2024-12-28,Pune,Maharashtra,Urban,6937671,3,5,496,310,303,421,118,12,Winter
C0090,2024-02-05,Bengaluru,Karnataka,Urban,9335657,1,6,563,505,468,529,61,2,Winter
C0091,2023-12-24,Gaya,Bihar,Rural,8002380,3,2,118,85,80,155,75,12,Winter
C0092,2023-09-15,Jaipur,Rajasthan,Urban,9677512,2,3,369,312,298,354,56,9,Monsoon
C0093,2024-05-08,Bengaluru,Karnataka,Urban,6393908,2,3,598,533,517,584,67,5,Summer
C0094,2024-01-24,Bengaluru,Karnataka,Urban,9647683,3,6,662,513,492,552,60,1,Winter
C0095,2023-01-04,Darbhanga,Bihar,Rural,2923795,2,6,212,141,138,308,170,1,Winter
C0096,2023-04-21,Gaya,Bihar,Rural,1186409,3,3,474,381,361,435,74,4,Summer
C0097,2023-02-08,Bhuj,Gujarat,Semi-Urban,3828142,3,5,772,661,618,681,63,2,Winter
C0098,2024-07-25,Gaya,Bihar,Rural,310791,3,5,694,512,494,668,174,7,Monsoon
C0099,2023-11-12,Kochi,Kerala,Semi-Urban,2942961,1,4,406,338,305,462,157,11,Autumn
C0100,2024-11-16,Jaipur,Rajasthan,Urban,2476598,3,3,232,169,161,327,166,11,Autumn
C0101,2024-08-13,Darbhanga,Bihar,Rural,8863776,3,6,753,556,500,560,60,8,Monsoon
C0102,2023-02-05,Jaipur,Rajasthan,Urban,2403599,3,5,338,226,220,270,50,2,Winter
C0103,2024-05-26,Pune,Maharashtra,Urban,6337344,3,3,433,352,341,517,176,5,Summer
C0104,2023-06-10,Aligarh,Uttar Pradesh,Rural,5737138,2,5,615,449,446,551,105,6,Summer
C0105,2024-12-14,Darbhanga,Bihar,Rural,3396648,2,4,353,296,276,464,188,12,Winter
C0106,2023-10-04,Bhuj,Gujarat,Semi-Urban,7949120,2,6,192,147,136,304,168,10,Autumn
C0107,2023-11-19,Kochi,Kerala,Semi-Urban,9983552,1,3,650,568,559,687,128,11,Autumn
C0108,2023-01-24,Darbhanga,Bihar,Rural,2090732,2,6,256,160,145,336,191,1,Winter
C0109,2024-10-10,Kochi,Kerala,Semi-Urban,8755614,3,3,305,246,229,385,156,10,Autumn
C0110,2023-05-18,Bengaluru,Karnataka,Urban,8361368,2,3,224,136,129,233,104,5,Summer
C0111,2023-06-25,Pune,Maharashtra,Urban,9276856,2,4,688,547,496,669,173,6,Summer
C0112,2023-09-19,Aligarh,Uttar Pradesh,Rural,1305119,1,5,654,462,434,487,53,9,Monsoon
C0113,2023-04-08,Pune,Maharashtra,Urban,2077957,3,6,465,322,315,515,200,4,Summer
C0114,2023-11-01,Bengaluru,Karnataka,Urban,4385348,2,5,635,512,463,642,179,11,Autumn
C0115,2024-02-23,Pune,Maharashtra,Urban,2001352,2,4,545,453,408,525,117,2,Winter
C0116,2023-02-12,Shimla,Himachal Pradesh,Rural,5964494,3,6,238,155,144,246,102,2,Winter
C0117,2023-07-07,Jaipur,Rajasthan,Urban,734674,3,4,434,384,365,431,66,7,Monsoon
C0118,2024-11-05,Jaipur,Rajasthan,Urban,2488693,1,2,763,579,575,756,181,11,Autumn
C0119,2023-07-19,Aligarh,Uttar Pradesh,Rural,8083261,2,5,194,145,133,267,134,7,Monsoon
C0120,2023-12-28,Gaya,Bihar,Rural,8757897,3,6,254,175,167,359,192,12,Winter
C0121,2023-11-12,Pune,Maharashtra,Urban,8073461,2,3,353,223,211,352,141,11,Autumn
C0122,2024-08-02,Chennai,Tamil Nadu,Urban,1506780,1,3,501,373,348,536,188,8,Monsoon
C0123,2023-07-07,Kochi,Kerala,Semi-Urban,3094081,3,4,569,473,446,539,93,7,Monsoon
C0124,2023-09-18,Bengaluru,Karnataka,Urban,7817719,1,4,556,414,394,471,77,9,Monsoon
C0125,2024-05-27,Jaipur,Rajasthan,Urban,6565037,3,5,634,459,413,567,154,5,Summer
C0126,2024-08-14,Darbhanga,Bihar,Rural,215347,1,4,228,168,164,353,189,8,Monsoon
C0127,2024-06-29,Bengaluru,Karnataka,Urban,2083713,1,3,259,197,185,377,192,6,Summer
C0128,2024-01-31,Bhuj,Gujarat,Semi-Urban,3687405,2,2,620,477,430,562,132,1,Winter
C0129,2024-07-21,Darbhanga,Bihar,Rural,2601887,1,4,788,610,566,712,146,7,Monsoon
C0130,2024-06-02,Darbhanga,Bihar,Rural,1183119,2,2,544,480,444,501,57,6,Summer
C0131,2024-03-09,Shimla,Himachal Pradesh,Rural,9449150,2,3,419,324,295,415,120,3,Spring
C0132,2024-02-01,Shimla,Himachal Pradesh,Rural,1308948,2,5,630,420,379,492,113,2,Winter
C0133,2023-04-05,Bhuj,Gujarat,Semi-Urban,1059101,3,5,362,311,285,467,182,4,Summer
C0134,2024-04-13,Bengaluru,Karnataka,Urban,1487857,3,3,731,454,436,497,61,4,Summer
C0135,2024-02-27,Bhuj,Gujarat,Semi-Urban,5121641,2,6,767,648,637,761,124,2,Winter
C0136,2024-07-09,Bengaluru,Karnataka,Urban,9602547,2,3,326,248,241,297,56,7,Monsoon
C0137,2023-02-28,Pune,Maharashtra,Urban,5038465,2,2,509,457,442,517,75,2,Winter
C0138,2024-07-16,Darbhanga,Bihar,Rural,9136066,2,6,746,638,609,801,192,7,Monsoon
C0139,2024-10-13,Chennai,Tamil Nadu,Urban,1287185,1,2,775,533,515,705,190,10,Autumn
C0140,2023-04-13,Aligarh,Uttar Pradesh,Rural,8505579,2,6,710,540,538,588,50,4,Summer
C0141,2023-02-20,Bengaluru,Karnataka,Urban,7356240,3,2,316,269,247,317,70,2,Winter
C0142,2024-07-12,Darbhanga,Bihar,Rural,4652708,2,2,164,103,96,272,176,7,Monsoon
C0143,2024-03-05,Bengaluru,Karnataka,Urban,3782736,2,2,221,135,132,228,96,3,Spring
C0144,2023-04-19,Darbhanga,Bihar,Rural,2909793,1,4,344,303,273,408,135,4,Summer
C0145,2024-03-26,Pune,Maharashtra,Urban,4534623,1,4,288,217,206,298,92,3,Spring
C0146,2024-06-27,Bengaluru,Karnataka,Urban,2886529,3,4,276,184,173,279,106,6,Summer
C0147,2024-11-18,Bhuj,Gujarat,Semi-Urban,7031679,1,5,523,452,409,502,93,11,Autumn
C0148,2023-03-10,Gaya,Bihar,Rural,9467767,1,3,502,391,367,439,72,3,Spring
C0149,2024-03-05,Gaya,Bihar,Rural,3789018,1,2,235,158,153,284,131,3,Spring
C0150,2024-11-02,Darbhanga,Bihar,Rural,3787840,3,6,123,76,68,123,55,11,Autumn
C0151,2023-10-13,Bhuj,Gujarat,Semi-Urban,7617239,2,5,534,458,439,517,78,10,Autumn
C0152,2024-08-04,Darbhanga,Bihar,Rural,5359536,2,6,355,304,279,341,62,8,Monsoon
C0153,2023-01-25,Aligarh,Uttar Pradesh,Rural,2591383,1,3,304,195,181,299,118,1,Winter
C0154,2024-09-07,Gaya,Bihar,Rural,2993648,3,6,446,360,344,461,117,9,Monsoon
C0155,2024-09-17,Kochi,Kerala,Semi-Urban,142882,3,2,452,309,306,397,91,9,Monsoon
C0156,2024-05-31,Shimla,Himachal Pradesh,Rural,2649824,3,6,217,161,157,327,170,5,Summer
C0157,2024-04-17,Aligarh,Uttar Pradesh,Rural,6111677,2,5,164,100,93,237,144,4,Summer
C0158,2024-10-01,Jaipur,Rajasthan,Urban,6740031,3,4,114,86,83,251,168,10,Autumn
C0159,2024-04-19,Kochi,Kerala,Semi-Urban,4433279,1,6,556,340,326,411,85,4,Summer
C0160,2024-09-20,Bhuj,Gujarat,Semi-Urban,4525459,1,3,572,391,357,438,81,9,Monsoon
C0161,2024-08-22,Chennai,Tamil Nadu,Urban,8019292,1,5,497,439,418,481,63,8,Monsoon
C0162,2023-03-09,Gaya,Bihar,Rural,1838075,1,4,672,561,508,669,161,3,Spring
C0163,2024-03-12,Aligarh,Uttar Pradesh,Rural,6683955,1,4,746,613,608,770,162,3,Spring
C0164,2024-07-05,Pune,Maharashtra,Urban,1552662,2,6,126,108,107,195,88,7,Monsoon
C0165,2024-12-28,Aligarh,Uttar Pradesh,Rural,4026916,2,6,721,570,525,717,192,12,Winter
C0166,2023-09-11,Kochi,Kerala,Semi-Urban,2506550,2,4,126,83,82,254,172,9,Monsoon
C0167,2023-02-26,Kochi,Kerala,Semi-Urban,8933137,3,5,246,165,149,227,78,2,Winter
C0168,2024-07-24,Kochi,Kerala,Semi-Urban,4914424,3,2,401,292,263,345,82,7,Monsoon
C0169,2023-07-20,Aligarh,Uttar Pradesh,Rural,3663375,2,4,649,494,448,574,126,7,Monsoon
C0170,2024-05-07,Gaya,Bihar,Rural,2734063,2,6,509,314,300,442,142,5,Summer
C0171,2023-12-23,Bhuj,Gujarat,Semi-Urban,8504078,2,3,342,221,209,392,183,12,Winter
C0172,2023-05-09,Aligarh,Uttar Pradesh,Rural,9116707,3,5,678,502,454,567,113,5,Summer
C0173,2023-09-28,Aligarh,Uttar Pradesh,Rural,4328977,3,5,225,174,173,350,177,9,Monsoon
C0174,2024-09-26,Jaipur,Rajasthan,Urban,9202841,2,2,247,197,179,352,173,9,Monsoon
C0175,2024-04-04,Pune,Maharashtra,Urban,7910463,1,4,127,108,102,272,170,4,Summer
C0176,2023-08-14,Chennai,Tamil Nadu,Urban,7780934,3,4,403,279,278,369,91,8,Monsoon
C0177,2023-04-19,Bhuj,Gujarat,Semi-Urban,988908,1,4,256,193,189,359,170,4,Summer
C0178,2023-05-23,Shimla,Himachal Pradesh,Rural,3918880,1,6,677,582,560,663,103,5,Summer
C0179,2024-10-09,Bhuj,Gujarat,Semi-Urban,8730732,1,3,619,453,435,579,144,10,Autumn
C0180,2024-12-03,Aligarh,Uttar Pradesh,Rural,8628110,3,5,183,153,141,194,53,12,Winter
C0181,2023-03-13,Kochi,Kerala,Semi-Urban,8786666,3,4,437,293,292,429,137,3,Spring
C0182,2024-05-20,Bhuj,Gujarat,Semi-Urban,1102220,1,6,633,443,398,462,64,5,Summer
C0183,2023-05-24,Bhuj,Gujarat,Semi-Urban,7540847,3,5,234,203,187,242,55,5,Summer
C0184,2023-08-01,Shimla,Himachal Pradesh,Rural,8192199,3,4,503,441,414,475,61,8,Monsoon
C0185,2023-09-25,Kochi,Kerala,Semi-Urban,9464965,1,4,570,478,462,527,65,9,Monsoon
C0186,2024-08-13,Chennai,Tamil Nadu,Urban,5173161,2,2,451,320,302,421,119,8,Monsoon
C0187,2023-11-06,Jaipur,Rajasthan,Urban,3083097,2,3,493,441,436,520,84,11,Autumn
C0188,2023-07-28,Kochi,Kerala,Semi-Urban,4704307,1,3,638,484,452,525,73,7,Monsoon
C0189,2023-05-20,Bengaluru,Karnataka,Urban,8125302,2,4,104,71,70,262,192,5,Summer
C0190,2024-08-11,Jaipur,Rajasthan,Urban,4092132,3,2,132,115,107,242,135,8,Monsoon
C0191,2024-11-18,Aligarh,Uttar Pradesh,Rural,1040562,1,2,126,88,79,132,53,11,Autumn
C0192,2023-12-16,Gaya,Bihar,Rural,1427561,3,4,663,590,562,701,139,12,Winter
C0193,2023-03-28,Bengaluru,Karnataka,Urban,2068473,2,4,669,519,490,545,55,3,Spring
C0194,2023-10-09,Bengaluru,Karnataka,Urban,2399279,1,5,738,517,495,690,195,10,Autumn
C0195,2024-09-18,Darbhanga,Bihar,Rural,4006739,3,2,551,388,387,556,169,9,Monsoon
C0196,2023-07-04,Gaya,Bihar,Rural,133425,1,5,563,363,354,528,174,7,Monsoon
C0197,2023-03-10,Bengaluru,Karnataka,Urban,1488684,1,6,253,158,152,320,168,3,Spring
C0198,2024-04-02,Darbhanga,Bihar,Rural,9711306,1,5,547,337,323,497,174,4,Summer
C0199,2023-11-24,Chennai,Tamil Nadu,Urban,8606845,1,2,401,283,276,391,115,11,Autumn
C0200,2023-11-11,Jaipur,Rajasthan,Urban,507741,3,4,527,464,440,540,100,11,Autumn
C0201,2023-07-02,Shimla,Himachal Pradesh,Rural,6397509,1,4,378,282,257,446,189,7,Monsoon
C0202,2024-08-16,Gaya,Bihar,Rural,788486,1,5,696,454,429,577,148,8,Monsoon
C0203,2024-02-17,Jaipur,Rajasthan,Urban,7766685,2,3,444,274,250,307,57,2,Winter
C0204,2023-03-27,Jaipur,Rajasthan,Urban,592536,2,5,265,170,169,340,171,3,Spring
C0205,2023-10-09,Chennai,Tamil Nadu,Urban,2621202,3,6,700,568,555,713,158,10,Autumn
C0206,2023-08-31,Aligarh,Uttar Pradesh,Rural,5920315,3,2,391,279,267,467,200,8,Monsoon
C0207,2023-01-25,Shimla,Himachal Pradesh,Rural,1249466,1,5,717,614,598,648,50,1,Winter
C0208,2024-07-07,Gaya,Bihar,Rural,2865768,1,5,755,459,422,495,73,7,Monsoon
C0209,2024-02-11,Kochi,Kerala,Semi-Urban,4221459,3,5,187,120,115,276,161,2,Winter
C0210,2024-11-06,Kochi,Kerala,Semi-Urban,6503633,2,3,574,498,466,542,76,11,Autumn
C0211,2024-06-28,Aligarh,Uttar Pradesh,Rural,762645,1,5,789,673,622,777,155,6,Summer
C0212,2023-05-25,Shimla,Himachal Pradesh,Rural,3014799,2,5,327,254,240,408,168,5,Summer
C0213,2023-09-07,Chennai,Tamil Nadu,Urban,1825682,2,4,623,462,431,595,164,9,Monsoon
C0214,2024-04-02,Aligarh,Uttar Pradesh,Rural,4587893,1,4,169,150,144,209,65,4,Summer
C0215,2023-11-12,Kochi,Kerala,Semi-Urban,6961977,2,5,623,510,481,607,126,11,Autumn
C0216,2023-06-22,Shimla,Himachal Pradesh,Rural,3357295,2,6,592,530,518,580,62,6,Summer
C0217,2023-10-31,Darbhanga,Bihar,Rural,209083,1,6,293,228,226,381,155,10,Autumn
C0218,2024-03-12,Bhuj,Gujarat,Semi-Urban,4315695,2,3,507,322,312,484,172,3,Spring
C0219,2023-04-12,Aligarh,Uttar Pradesh,Rural,1653535,1,6,559,402,397,464,67,4,Summer
C0220,2023-02-28,Bhuj,Gujarat,Semi-Urban,6325840,3,4,541,465,419,488,69,2,Winter
C0221,2024-03-15,Bhuj,Gujarat,Semi-Urban,7283984,2,6,795,583,574,729,155,3,Spring
C0222,2024-04-29,Shimla,Himachal Pradesh,Rural,5333241,1,2,434,363,336,517,181,4,Summer
C0223,2024-07-21,Darbhanga,Bihar,Rural,4168587,2,6,637,405,377,501,124,7,Monsoon
C0224,2023-12-02,Chennai,Tamil Nadu,Urban,3141895,2,6,530,331,330,514,184,12,Winter
C0225,2024-11-22,Aligarh,Uttar Pradesh,Rural,2126071,2,3,338,290,268,459,191,11,Autumn
C0226,2023-08-16,Pune,Maharashtra,Urban,4648387,2,6,787,596,566,745,179,8,Monsoon
C0227,2024-07-09,Pune,Maharashtra,Urban,1906307,1,5,584,503,502,670,168,7,Monsoon
C0228,2024-02-04,Gaya,Bihar,Rural,717934,2,3,459,353,334,475,141,2,Winter
C0229,2024-08-29,Aligarh,Uttar Pradesh,Rural,608086,1,2,391,280,262,373,111,8,Monsoon
C0230,2024-12-21,Chennai,Tamil Nadu,Urban,6184056,1,5,272,224,203,370,167,12,Winter
C0231,2024-04-17,Jaipur,Rajasthan,Urban,5238210,1,2,759,485,452,523,71,4,Summer
C0232,2024-06-11,Darbhanga,Bihar,Rural,3522810,2,6,524,331,320,480,160,6,Summer
C0233,2024-01-31,Bhuj,Gujarat,Semi-Urban,8837547,1,2,494,315,290,407,117,1,Winter
C0234,2023-02-09,Aligarh,Uttar Pradesh,Rural,4878710,2,3,232,193,175,271,96,2,Winter
C0235,2023-11-25,Darbhanga,Bihar,Rural,695140,3,5,371,312,303,489,186,11,Autumn
C0236,2023-12-06,Shimla,Himachal Pradesh,Rural,4645664,1,6,738,646,594,650,56,12,Winter
C0237,2024-09-15,Aligarh,Uttar Pradesh,Rural,6864946,2,2,399,274,263,442,179,9,Monsoon
C0238,2024-07-18,Pune,Maharashtra,Urban,3881669,1,5,758,658,630,767,137,7,Monsoon
C0239,2024-03-01,Kochi,Kerala,Semi-Urban,5311088,1,6,309,199,188,249,61,3,Spring
C0240,2024-11-12,Bhuj,Gujarat,Semi-Urban,9942690,1,4,143,103,100,221,121,11,Autumn
C0241,2023-03-03,Kochi,Kerala,Semi-Urban,5168331,3,3,120,76,71,145,74,3,Spring
C0242,2024-08-18,Darbhanga,Bihar,Rural,5846768,3,2,293,203,185,363,178,8,Monsoon
C0243,2023-11-11,Shimla,Himachal Pradesh,Rural,191533,3,5,170,116,113,262,149,11,Autumn
C0244,2024-11-07,Jaipur,Rajasthan,Urban,9477103,1,5,690,581,537,620,83,11,Autumn
C0245,2024-04-12,Aligarh,Uttar Pradesh,Rural,7507592,3,2,563,351,349,413,64,4,Summer
C0246,2024-11-17,Darbhanga,Bihar,Rural,1480889,1,6,235,201,192,327,135,11,Autumn
C0247,2024-01-08,Gaya,Bihar,Rural,6474435,1,4,434,324,302,382,80,1,Winter
C0248,2024-06-20,Shimla,Himachal Pradesh,Rural,8123243,2,4,664,546,533,665,132,6,Summer
C0249,2024-11-12,Kochi,Kerala,Semi-Urban,3852915,2,6,417,311,306,474,168,11,Autumn
C0250,2023-07-02,Pune,Maharashtra,Urban,8009322,3,6,363,295,289,381,92,7,Monsoon
C0251,2023-10-06,Kochi,Kerala,Semi-Urban,5413418,3,2,312,254,242,350,108,10,Autumn
C0252,2024-02-09,Pune,Maharashtra,Urban,1525095,2,5,115,85,83,208,125,2,Winter
C0253,2024-11-09,Gaya,Bihar,Rural,5759651,2,6,303,192,183,268,85,11,Autumn
C0254,2024-06-13,Aligarh,Uttar Pradesh,Rural,4779550,1,4,283,229,207,368,161,6,Summer
C0255,2024-11-27,Gaya,Bihar,Rural,2225291,2,3,401,293,280,480,200,11,Autumn
C0256,2023-05-01,Pune,Maharashtra,Urban,5817221,3,4,505,328,311,477,166,5,Summer
C0257,2023-08-02,Gaya,Bihar,Rural,7723112,3,3,219,141,130,276,146,8,Monsoon
C0258,2023-04-11,Darbhanga,Bihar,Rural,9602151,1,4,304,239,236,370,134,4,Summer
C0259,2024-01-17,Bhuj,Gujarat,Semi-Urban,2176211,1,4,144,114,109,235,126,1,Winter
C0260,2023-02-02,Bhuj,Gujarat,Semi-Urban,7021915,1,6,617,454,429,583,154,2,Winter
C0261,2023-12-07,Bhuj,Gujarat,Semi-Urban,5562583,1,6,317,198,197,281,84,12,Winter
C0262,2023-09-06,Gaya,Bihar,Rural,6448494,2,4,463,293,280,411,131,9,Monsoon
C0263,2023-12-26,Shimla,Himachal Pradesh,Rural,7077013,3,6,265,187,171,306,135,12,Winter
C0264,2024-09-30,Kochi,Kerala,Semi-Urban,3140606,3,2,792,671,609,784,175,9,Monsoon
C0265,2023-12-17,Shimla,Himachal Pradesh,Rural,3369753,1,5,189,163,151,317,166,12,Winter
C0266,2024-10-23,Chennai,Tamil Nadu,Urban,9165499,1,2,334,277,275,379,104,10,Autumn
C0267,2023-01-05,Gaya,Bihar,Rural,6801909,3,2,217,177,163,252,89,1,Winter
C0268,2023-03-25,Kochi,Kerala,Semi-Urban,7040972,2,4,722,507,473,629,156,3,Spring
C0269,2024-03-02,Pune,Maharashtra,Urban,6764762,1,2,690,527,479,628,149,3,Spring
C0270,2024-08-04,Gaya,Bihar,Rural,9714517,1,3,621,458,436,501,65,8,Monsoon
C0271,2023-11-15,Bhuj,Gujarat,Semi-Urban,9105549,3,5,480,291,284,458,174,11,Autumn
C0272,2024-10-10,Bengaluru,Karnataka,Urban,727579,1,4,132,97,87,218,131,10,Autumn
C0273,2024-09-14,Bhuj,Gujarat,Semi-Urban,1578825,3,2,418,257,239,317,78,9,Monsoon
C0274,2024-05-05,Bhuj,Gujarat,Semi-Urban,1146931,2,2,137,103,97,147,50,5,Summer
C0275,2024-03-14,Jaipur,Rajasthan,Urban,5862030,1,2,292,223,219,381,162,3,Spring
C0276,2024-12-14,Darbhanga,Bihar,Rural,7342587,1,2,558,340,331,529,198,12,Winter
C0277,2023-07-17,Darbhanga,Bihar,Rural,5842594,3,4,520,425,402,545,143,7,Monsoon
C0278,2023-01-05,Kochi,Kerala,Semi-Urban,9921119,3,5,429,318,287,445,158,1,Winter
C0279,2024-10-25,Gaya,Bihar,Rural,4233353,2,6,687,463,448,513,65,10,Autumn
C0280,2024-07-19,Pune,Maharashtra,Urban,3600305,3,4,452,314,298,362,64,7,Monsoon
C0281,2024-09-24,Kochi,Kerala,Semi-Urban,9124620,3,3,357,275,273,337,64,9,Monsoon
C0282,2024-03-01,Bhuj,Gujarat,Semi-Urban,294928,1,2,664,450,407,576,169,3,Spring
C0283,2024-12-29,Chennai,Tamil Nadu,Urban,1057027,2,6,777,469,447,620,173,12,Winter
C0284,2024-04-24,Gaya,Bihar,Rural,5912458,2,4,243,173,169,352,183,4,Summer
C0285,2023-03-27,Chennai,Tamil Nadu,Urban,8367085,3,5,252,176,173,312,139,3,Spring
C0286,2023-03-15,Pune,Maharashtra,Urban,7539490,3,3,658,506,479,597,118,3,Spring
C0287,2023-08-09,Darbhanga,Bihar,Rural,2093108,1,4,165,133,131,299,168,8,Monsoon
C0288,2024-08-20,Jaipur,Rajasthan,Urban,1095668,2,3,718,492,445,531,86,8,Monsoon
C0289,2024-03-06,Darbhanga,Bihar,Rural,7168279,2,3,624,527,525,582,57,3,Spring
C0290,2024-02-05,Shimla,Himachal Pradesh,Rural,3994001,1,4,737,661,602,771,169,2,Winter
C0291,2024-10-03,Chennai,Tamil Nadu,Urban,171986,3,5,740,451,443,515,72,10,Autumn
C0292,2024-05-10,Pune,Maharashtra,Urban,9412661,1,4,597,509,474,554,80,5,Summer
C0293,2024-08-28,Bhuj,Gujarat,Semi-Urban,963579,1,4,575,473,449,646,197,8,Monsoon
C0294,2024-06-02,Gaya,Bihar,Rural,4579955,1,4,139,93,84,143,59,6,Summer
C0295,2024-12-08,Chennai,Tamil Nadu,Urban,1176577,2,3,126,99,94,293,199,12,Winter
C0296,2024-05-09,Jaipur,Rajasthan,Urban,3142129,2,4,580,379,359,427,68,5,Summer
C0297,2024-09-15,Gaya,Bihar,Rural,9114684,1,5,138,112,102,223,121,9,Monsoon
C0298,2023-11-06,Jaipur,Rajasthan,Urban,7546615,3,6,736,503,470,569,99,11,Autumn
C0299,2023-12-21,Gaya,Bihar,Rural,8377537,2,6,185,146,131,316,185,12,Winter
C0300,2024-03-02,Pune,Maharashtra,Urban,7630517,1,2,564,433,405,543,138,3,Spring
C0301,2023-12-25,Bhuj,Gujarat,Semi-Urban,4550500,1,3,747,665,664,731,67,12,Winter
C0302,2024-12-22,Darbhanga,Bihar,Rural,5437382,1,6,554,409,396,594,198,12,Winter
C0303,2024-12-25,Jaipur,Rajasthan,Urban,9977754,2,4,745,657,629,772,143,12,Winter
C0304,2023-02-09,Bengaluru,Karnataka,Urban,8753578,1,3,147,90,81,203,122,2,Winter
C0305,2023-04-01,Chennai,Tamil Nadu,Urban,8778961,3,4,220,184,180,296,116,4,Summer
C0306,2023-09-08,Gaya,Bihar,Rural,2434691,3,3,381,230,216,321,105,9,Monsoon
C0307,2023-12-31,Chennai,Tamil Nadu,Urban,2055050,2,5,382,335,311,399,88,12,Winter
C0308,2024-05-05,Bengaluru,Karnataka,Urban,1517566,1,4,459,358,341,474,133,5,Summer
C0309,2023-12-01,Chennai,Tamil Nadu,Urban,5001138,1,3,445,286,270,349,79,12,Winter
C0310,2024-09-22,Bhuj,Gujarat,Semi-Urban,5484633,1,3,174,134,125,325,200,9,Monsoon
C0311,2024-12-16,Bhuj,Gujarat,Semi-Urban,3864222,1,5,515,353,319,452,133,12,Winter
C0312,2024-02-27,Shimla,Himachal Pradesh,Rural,5215556,3,3,766,661,617,796,179,2,Winter
C0313,2023-01-01,Aligarh,Uttar Pradesh,Rural,4206433,3,5,392,301,295,485,190,1,Winter
C0314,2024-12-25,Gaya,Bihar,Rural,7963524,2,2,196,128,119,311,192,12,Winter
C0315,2023-09-30,Bhuj,Gujarat,Semi-Urban,9852384,1,4,687,497,484,578,94,9,Monsoon
C0316,2023-01-23,Aligarh,Uttar Pradesh,Rural,417686,3,4,239,182,173,317,144,1,Winter
C0317,2024-11-14,Pune,Maharashtra,Urban,3965931,2,6,610,437,399,588,189,11,Autumn
C0318,2023-08-20,Chennai,Tamil Nadu,Urban,1908106,2,5,194,163,150,274,124,8,Monsoon
C0319,2024-07-17,Bhuj,Gujarat,Semi-Urban,5134988,2,6,795,617,576,773,197,7,Monsoon
C0320,2023-09-01,Pune,Maharashtra,Urban,1220684,3,4,126,93,84,181,97,9,Monsoon
C0321,2024-11-23,Pune,Maharashtra,Urban,2049297,3,6,419,288,266,330,64,11,Autumn
C0322,2023-10-07,Aligarh,Uttar Pradesh,Rural,1965832,3,4,575,445,427,555,128,10,Autumn
C0323,2024-10-24,Jaipur,Rajasthan,Urban,4261010,3,6,409,319,304,456,152,10,Autumn
C0324,2023-01-06,Jaipur,Rajasthan,Urban,8152756,1,5,432,287,286,348,62,1,Winter
C0325,2023-06-11,Bengaluru,Karnataka,Urban,6011632,3,3,595,477,447,522,75,6,Summer
C0326,2023-11-01,Pune,Maharashtra,Urban,3363414,3,5,410,332,304,494,190,11,Autumn
C0327,2024-09-22,Darbhanga,Bihar,Rural,6606440,1,6,265,198,193,378,185,9,Monsoon
C0328,2024-09-04,Gaya,Bihar,Rural,6701328,1,3,108,70,67,213,146,9,Monsoon
C0329,2024-03-06,Jaipur,Rajasthan,Urban,6793637,1,6,729,583,548,742,194,3,Spring
C0330,2024-03-10,Kochi,Kerala,Semi-Urban,3355118,2,5,215,132,131,280,149,3,Spring
C0331,2024-10-29,Aligarh,Uttar Pradesh,Rural,451672,2,3,637,423,386,456,70,10,Autumn
C0332,2023-11-14,Jaipur,Rajasthan,Urban,9831822,2,4,623,473,432,501,69,11,Autumn
C0333,2023-02-10,Aligarh,Uttar Pradesh,Rural,1085260,3,3,291,245,244,314,70,2,Winter
C0334,2023-01-29,Kochi,Kerala,Semi-Urban,1659556,1,5,336,234,215,269,54,1,Winter
C0335,2024-02-06,Gaya,Bihar,Rural,8108507,2,4,574,463,443,598,155,2,Winter
C0336,2024-08-13,Bengaluru,Karnataka,Urban,1920464,3,6,369,262,248,382,134,8,Monsoon
C0337,2023-05-14,Bhuj,Gujarat,Semi-Urban,4557299,1,3,337,292,288,443,155,5,Summer
C0338,2024-09-26,Chennai,Tamil Nadu,Urban,9757977,2,4,162,136,129,318,189,9,Monsoon
C0339,2023-09-24,Kochi,Kerala,Semi-Urban,8343359,1,3,568,428,386,453,67,9,Monsoon
C0340,2023-04-08,Darbhanga,Bihar,Rural,4114933,2,2,709,466,446,583,137,4,Summer
C0341,2023-03-20,Jaipur,Rajasthan,Urban,4283732,3,3,579,493,480,561,81,3,Spring
C0342,2023-04-21,Chennai,Tamil Nadu,Urban,5197460,1,3,481,295,285,421,136,4,Summer
C0343,2023-05-24,Jaipur,Rajasthan,Urban,9143823,1,3,108,92,85,254,169,5,Summer
C0344,2023-07-18,Darbhanga,Bihar,Rural,3374085,3,4,236,168,165,243,78,7,Monsoon
C0345,2023-05-11,Aligarh,Uttar Pradesh,Rural,1005094,1,4,289,180,176,362,186,5,Summer
C0346,2023-12-31,Pune,Maharashtra,Urban,6248858,3,6,466,344,337,430,93,12,Winter
C0347,2024-11-24,Jaipur,Rajasthan,Urban,4415032,2,2,109,69,63,206,143,11,Autumn
C0348,2023-05-08,Kochi,Kerala,Semi-Urban,4277517,3,2,345,236,219,381,162,5,Summer
C0349,2023-12-27,Kochi,Kerala,Semi-Urban,5969795,2,5,174,153,141,314,173,12,Winter
C0350,2023-02-23,Gaya,Bihar,Rural,4341828,1,5,175,110,106,264,158,2,Winter
C0351,2023-05-12,Shimla,Himachal Pradesh,Rural,5876980,3,4,207,168,153,229,76,5,Summer
C0352,2023-08-20,Pune,Maharashtra,Urban,9218986,2,6,242,161,146,279,133,8,Monsoon
C0353,2024-08-30,Bhuj,Gujarat,Semi-Urban,9570465,3,6,351,296,291,404,113,8,Monsoon
C0354,2024-08-23,Kochi,Kerala,Semi-Urban,9632515,1,3,152,118,116,311,195,8,Monsoon
C0355,2023-03-02,Pune,Maharashtra,Urban,9520986,2,6,643,500,468,660,192,3,Spring
C0356,2023-09-15,Aligarh,Uttar Pradesh,Rural,4616235,3,2,660,561,558,684,126,9,Monsoon
C0357,2023-01-31,Shimla,Himachal Pradesh,Rural,7780484,3,3,141,93,84,157,73,1,Winter
C0358,2024-01-04,Chennai,Tamil Nadu,Urban,2244397,2,3,638,398,393,470,77,1,Winter
C0359,2024-04-04,Pune,Maharashtra,Urban,7557760,1,6,622,555,547,621,74,4,Summer
C0360,2023-01-14,Pune,Maharashtra,Urban,365360,2,2,133,103,94,209,115,1,Winter
C0361,2023-07-14,Kochi,Kerala,Semi-Urban,6070549,2,5,470,298,275,328,53,7,Monsoon
C0362,2023-02-23,Darbhanga,Bihar,Rural,559324,3,3,327,225,220,406,186,2,Winter
C0363,2024-06-27,Aligarh,Uttar Pradesh,Rural,5383116,3,5,279,200,197,317,120,6,Summer
C0364,2023-04-27,Aligarh,Uttar Pradesh,Rural,1613464,1,5,269,196,184,332,148,4,Summer
C0365,2024-07-30,Shimla,Himachal Pradesh,Rural,1241279,1,4,528,350,315,384,69,7,Monsoon
C0366,2024-03-24,Kochi,Kerala,Semi-Urban,3807882,1,3,622,419,377,509,132,3,Spring
C0367,2024-12-14,Kochi,Kerala,Semi-Urban,2130611,3,3,676,526,488,554,66,12,Winter
C0368,2024-02-04,Chennai,Tamil Nadu,Urban,4444927,1,6,191,123,116,304,188,2,Winter
C0369,2024-05-08,Jaipur,Rajasthan,Urban,8208670,3,6,795,648,592,758,166,5,Summer
C0370,2024-05-08,Gaya,Bihar,Rural,166065,1,5,693,473,468,589,121,5,Summer
C0371,2024-02-07,Chennai,Tamil Nadu,Urban,528613,2,5,306,206,201,388,187,2,Winter
C0372,2024-12-08,Pune,Maharashtra,Urban,9930525,1,6,512,343,314,420,106,12,Winter
C0373,2023-12-10,Darbhanga,Bihar,Rural,5204804,3,5,327,199,182,361,179,12,Winter
C0374,2024-12-23,Darbhanga,Bihar,Rural,2163901,3,3,372,311,289,372,83,12,Winter
C0375,2024-03-03,Jaipur,Rajasthan,Urban,7167477,3,5,403,250,230,310,80,3,Spring
C0376,2024-05-06,Pune,Maharashtra,Urban,3902767,3,3,699,430,388,583,195,5,Summer
C0377,2023-08-19,Gaya,Bihar,Rural,6435088,3,4,515,392,391,449,58,8,Monsoon
C0378,2023-08-23,Pune,Maharashtra,Urban,2839734,2,3,256,180,175,296,121,8,Monsoon
C0379,2023-09-28,Darbhanga,Bihar,Rural,7619912,1,5,537,340,339,462,123,9,Monsoon
C0380,2023-09-29,Gaya,Bihar,Rural,3140541,2,3,623,559,544,606,62,9,Monsoon
C0381,2024-10-24,Gaya,Bihar,Rural,7697071,3,4,385,328,300,350,50,10,Autumn
C0382,2024-10-09,Gaya,Bihar,Rural,5006224,1,3,283,239,216,372,156,10,Autumn
C0383,2024-12-26,Chennai,Tamil Nadu,Urban,1376412,3,5,750,585,555,750,195,12,Winter
C0384,2023-06-08,Shimla,Himachal Pradesh,Rural,516240,1,6,681,560,522,612,90,6,Summer
C0385,2024-08-02,Kochi,Kerala,Semi-Urban,8700411,2,4,418,361,337,537,200,8,Monsoon
C0386,2023-05-30,Jaipur,Rajasthan,Urban,4720401,3,6,160,109,100,165,65,5,Summer
C0387,2024-02-01,Gaya,Bihar,Rural,5325008,3,2,190,145,132,253,121,2,Winter
C0388,2024-12-27,Gaya,Bihar,Rural,711482,1,2,464,394,379,442,63,12,Winter
C0389,2024-08-10,Darbhanga,Bihar,Rural,8827546,1,6,699,473,439,491,52,8,Monsoon
C0390,2023-11-16,Gaya,Bihar,Rural,367968,1,5,615,461,455,585,130,11,Autumn
C0391,2023-01-13,Bengaluru,Karnataka,Urban,9044701,2,6,502,372,355,437,82,1,Winter
C0392,2023-07-18,Pune,Maharashtra,Urban,1283632,2,5,431,346,327,505,178,7,Monsoon
C0393,2024-05-09,Pune,Maharashtra,Urban,9729165,2,4,336,264,260,413,153,5,Summer
C0394,2024-05-25,Darbhanga,Bihar,Rural,336837,3,6,129,86,78,187,109,5,Summer
C0395,2024-08-16,Shimla,Himachal Pradesh,Rural,1333528,3,2,465,372,343,541,198,8,Monsoon
C0396,2023-03-15,Shimla,Himachal Pradesh,Rural,8244685,2,6,468,284,275,405,130,3,Spring
C0397,2024-08-30,Bhuj,Gujarat,Semi-Urban,9429509,2,3,465,409,378,524,146,8,Monsoon
C0398,2023-07-25,Chennai,Tamil Nadu,Urban,6377476,3,4,193,159,150,269,119,7,Monsoon
C0399,2023-10-26,Jaipur,Rajasthan,Urban,5311681,2,6,410,316,311,502,191,10,Autumn
C0400,2024-04-04,Pune,Maharashtra,Urban,3300036,3,2,775,611,550,612,62,4,Summer
C0401,2023-12-19,Chennai,Tamil Nadu,Urban,5909004,3,5,430,330,313,495,182,12,Winter
C0402,2024-03-04,Bhuj,Gujarat,Semi-Urban,619256,1,5,714,553,506,685,179,3,Spring
C0403,2023-06-09,Bengaluru,Karnataka,Urban,3330293,2,3,663,455,426,595,169,6,Summer
C0404,2024-10-03,Darbhanga,Bihar,Rural,9681825,2,4,130,85,84,266,182,10,Autumn
C0405,2023-06-23,Gaya,Bihar,Rural,9274303,1,6,440,394,386,559,173,6,Summer
C0406,2023-07-10,Jaipur,Rajasthan,Urban,8733345,3,2,689,467,437,526,89,7,Monsoon
C0407,2024-12-19,Chennai,Tamil Nadu,Urban,7588814,3,4,218,180,165,273,108,12,Winter
C0408,2023-06-07,Bhuj,Gujarat,Semi-Urban,4483940,1,6,557,481,443,533,90,6,Summer
C0409,2024-08-14,Chennai,Tamil Nadu,Urban,4613750,1,5,536,446,440,624,184,8,Monsoon
C0410,2024-05-07,Chennai,Tamil Nadu,Urban,7196042,2,6,179,132,119,225,106,5,Summer
C0411,2024-02-05,Kochi,Kerala,Semi-Urban,6623295,2,5,558,353,325,408,83,2,Winter
C0412,2024-08-21,Darbhanga,Bihar,Rural,5972142,2,5,126,96,87,211,124,8,Monsoon
C0413,2023-08-04,Gaya,Bihar,Rural,6346108,3,3,592,460,432,518,86,8,Monsoon
C0414,2024-04-06,Bengaluru,Karnataka,Urban,201023,3,4,295,254,236,366,130,4,Summer
C0415,2024-07-29,Gaya,Bihar,Rural,8831912,3,6,789,548,518,612,94,7,Monsoon
C0416,2023-07-10,Aligarh,Uttar Pradesh,Rural,3596029,1,5,348,248,245,390,145,7,Monsoon
C0417,2023-11-12,Aligarh,Uttar Pradesh,Rural,2091927,2,5,331,218,198,370,172,11,Autumn
C0418,2023-07-22,Kochi,Kerala,Semi-Urban,7571207,2,4,373,291,286,367,81,7,Monsoon
C0419,2024-08-08,Bhuj,Gujarat,Semi-Urban,1744718,1,3,144,88,82,217,135,8,Monsoon
C0420,2024-07-01,Pune,Maharashtra,Urban,3777348,2,2,205,173,172,240,68,7,Monsoon
C0421,2024-08-03,Aligarh,Uttar Pradesh,Rural,5019197,1,3,358,270,256,431,175,8,Monsoon
C0422,2024-02-05,Pune,Maharashtra,Urban,9197927,2,3,457,354,329,409,80,2,Winter
C0423,2024-03-06,Pune,Maharashtra,Urban,140411,2,4,159,100,93,175,82,3,Spring
C0424,2023-12-23,Aligarh,Uttar Pradesh,Rural,3709656,2,2,103,69,62,173,111,12,Winter
C0425,2024-04-01,Darbhanga,Bihar,Rural,1180296,2,3,529,450,422,497,75,4,Summer
C0426,2023-06-09,Bhuj,Gujarat,Semi-Urban,4529163,3,2,317,273,270,338,68,6,Summer
C0427,2024-03-12,Bhuj,Gujarat,Semi-Urban,8017704,1,4,588,365,355,524,169,3,Spring
C0428,2024-02-13,Jaipur,Rajasthan,Urban,7500685,3,3,442,369,356,515,159,2,Winter
C0429,2024-12-16,Darbhanga,Bihar,Rural,2998229,2,6,544,474,470,534,64,12,Winter
C0430,2024-05-18,Gaya,Bihar,Rural,9308968,3,2,531,456,455,567,112,5,Summer
C0431,2023-11-05,Jaipur,Rajasthan,Urban,6745645,2,3,491,428,407,603,196,11,Autumn
C0432,2024-01-19,Pune,Maharashtra,Urban,2407891,1,2,312,243,226,277,51,1,Winter
C0433,2023-04-04,Darbhanga,Bihar,Rural,7182654,1,2,473,314,288,378,90,4,Summer
C0434,2023-04-06,Kochi,Kerala,Semi-Urban,2660471,3,2,513,382,369,428,59,4,Summer
C0435,2024-05-24,Chennai,Tamil Nadu,Urban,8609313,3,2,779,542,535,695,160,5,Summer
C0436,2024-05-03,Pune,Maharashtra,Urban,9594870,3,4,273,177,165,303,138,5,Summer
C0437,2023-02-24,Shimla,Himachal Pradesh,Rural,1210558,2,4,232,165,164,345,181,2,Winter
C0438,2023-03-12,Pune,Maharashtra,Urban,512252,1,6,483,417,382,453,71,3,Spring
C0439,2023-01-08,Bengaluru,Karnataka,Urban,2318631,2,5,542,359,355,478,123,1,Winter
C0440,2023-05-08,Pune,Maharashtra,Urban,7195803,2,5,488,321,316,480,164,5,Summer
C0441,2023-04-23,Gaya,Bihar,Rural,2155003,2,4,658,501,476,588,112,4,Summer
C0442,2023-07-18,Darbhanga,Bihar,Rural,6819393,2,5,770,670,627,762,135,7,Monsoon
C0443,2024-10-19,Chennai,Tamil Nadu,Urban,990336,1,6,189,149,136,233,97,10,Autumn
C0444,2024-11-16,Bengaluru,Karnataka,Urban,5046622,1,3,214,138,134,265,131,11,Autumn
C0445,2023-03-04,Shimla,Himachal Pradesh,Rural,5651198,3,4,562,423,385,576,191,3,Spring
C0446,2024-03-04,Shimla,Himachal Pradesh,Rural,7603383,2,5,562,386,355,468,113,3,Spring
C0447,2024-08-05,Aligarh,Uttar Pradesh,Rural,334576,2,6,566,436,403,529,126,8,Monsoon
C0448,2023-03-16,Darbhanga,Bihar,Rural,362311,2,4,536,456,432,595,163,3,Spring
C0449,2023-09-08,Bhuj,Gujarat,Semi-Urban,9125725,1,2,577,424,399,458,59,9,Monsoon
C0450,2023-01-06,Bhuj,Gujarat,Semi-Urban,5395294,1,3,563,443,400,546,146,1,Winter
C0451,2024-11-10,Pune,Maharashtra,Urban,2261651,3,5,573,365,337,440,103,11,Autumn
C0452,2024-04-27,Bengaluru,Karnataka,Urban,7579624,3,5,348,301,299,358,59,4,Summer
C0453,2024-01-16,Gaya,Bihar,Rural,1099349,3,6,503,435,432,574,142,1,Winter
C0454,2024-06-12,Aligarh,Uttar Pradesh,Rural,307043,3,6,732,481,447,564,117,6,Summer
C0455,2023-01-03,Gaya,Bihar,Rural,9592487,1,2,713,476,458,520,62,1,Winter
C0456,2023-05-27,Darbhanga,Bihar,Rural,8171617,3,2,295,245,237,372,135,5,Summer
C0457,2024-05-04,Jaipur,Rajasthan,Urban,2445503,2,5,757,529,492,555,63,5,Summer
C0458,2023-03-18,Bengaluru,Karnataka,Urban,7150784,3,4,661,441,438,550,112,3,Spring
C0459,2024-11-30,Bengaluru,Karnataka,Urban,7805197,3,5,348,288,271,423,152,11,Autumn
C0460,2023-01-09,Pune,Maharashtra,Urban,2464964,3,5,263,167,159,338,179,1,Winter
C0461,2024-11-28,Jaipur,Rajasthan,Urban,6932145,3,2,586,359,355,514,159,11,Autumn
C0462,2024-05-24,Chennai,Tamil Nadu,Urban,6173759,2,3,466,344,314,413,99,5,Summer
C0463,2023-05-29,Pune,Maharashtra,Urban,3595072,1,6,575,420,386,574,188,5,Summer
C0464,2024-02-27,Bhuj,Gujarat,Semi-Urban,8530365,1,6,448,367,356,462,106,2,Winter
C0465,2024-09-11,Gaya,Bihar,Rural,2804409,1,3,392,251,238,425,187,9,Monsoon
C0466,2024-01-18,Jaipur,Rajasthan,Urban,8541134,2,2,296,237,218,298,80,1,Winter
C0467,2024-02-18,Aligarh,Uttar Pradesh,Rural,5850481,2,6,162,97,95,170,75,2,Winter
C0468,2024-12-11,Chennai,Tamil Nadu,Urban,3813448,2,4,318,264,262,367,105,12,Winter
C0469,2023-09-09,Gaya,Bihar,Rural,6680152,2,4,503,445,431,602,171,9,Monsoon
C0470,2023-01-23,Gaya,Bihar,Rural,1245383,1,3,159,129,125,304,179,1,Winter
C0471,2023-10-06,Gaya,Bihar,Rural,5799086,1,5,571,376,373,452,79,10,Autumn
C0472,2023-07-15,Aligarh,Uttar Pradesh,Rural,9093939,2,5,334,238,217,318,101,7,Monsoon
C0473,2023-03-23,Gaya,Bihar,Rural,6336170,2,5,101,69,68,241,173,3,Spring
C0474,2023-05-24,Darbhanga,Bihar,Rural,3598810,3,3,334,264,239,389,150,5,Summer
C0475,2023-06-16,Bhuj,Gujarat,Semi-Urban,3501861,2,6,558,430,426,608,182,6,Summer
C0476,2024-01-11,Bhuj,Gujarat,Semi-Urban,1385461,3,6,473,358,333,439,106,1,Winter
C0477,2023-09-13,Kochi,Kerala,Semi-Urban,1545089,1,3,621,495,486,615,129,9,Monsoon
C0478,2023-02-10,Kochi,Kerala,Semi-Urban,814953,3,2,370,327,324,402,78,2,Winter
C0479,2024-12-01,Pune,Maharashtra,Urban,7462124,2,2,452,361,340,416,76,12,Winter
C0480,2024-01-02,Bengaluru,Karnataka,Urban,324547,1,4,800,520,512,647,135,1,Winter
C0481,2024-09-25,Gaya,Bihar,Rural,3727754,3,2,719,590,562,660,98,9,Monsoon
C0482,2023-12-20,Chennai,Tamil Nadu,Urban,6052624,1,4,405,363,341,452,111,12,Winter
C0483,2023-12-02,Bengaluru,Karnataka,Urban,4995552,2,5,136,116,114,230,116,12,Winter
C0484,2024-08-20,Jaipur,Rajasthan,Urban,4443197,1,5,549,435,434,507,73,8,Monsoon
C0485,2023-05-25,Chennai,Tamil Nadu,Urban,4865117,1,3,697,498,480,573,93,5,Summer
C0486,2024-04-11,Chennai,Tamil Nadu,Urban,3103552,2,4,156,108,104,183,79,4,Summer
C0487,2023-01-08,Bhuj,Gujarat,Semi-Urban,7624087,1,2,175,128,123,240,117,1,Winter
C0488,2024-08-06,Pune,Maharashtra,Urban,888551,2,4,189,165,150,290,140,8,Monsoon
C0489,2024-01-16,Chennai,Tamil Nadu,Urban,975943,3,3,545,454,432,488,56,1,Winter
C0490,2023-06-03,Aligarh,Uttar Pradesh,Rural,637151,2,2,728,530,510,582,72,6,Summer
C0491,2024-12-10,Darbhanga,Bihar,Rural,3316535,1,3,206,174,171,337,166,12,Winter
C0492,2023-05-02,Darbhanga,Bihar,Rural,9929862,3,4,751,503,483,556,73,5,Summer
C0493,2024-02-21,Kochi,Kerala,Semi-Urban,980269,1,6,458,408,387,515,128,2,Winter
C0494,2023-01-04,Darbhanga,Bihar,Rural,882475,3,5,419,323,313,428,115,1,Winter
C0495,2024-08-21,Darbhanga,Bihar,Rural,7888072,2,3,150,134,122,205,83,8,Monsoon
C0496,2023-07-16,Shimla,Himachal Pradesh,Rural,8309396,2,3,181,136,123,269,146,7,Monsoon
C0497,2023-12-19,Darbhanga,Bihar,Rural,7138384,2,4,470,333,308,385,77,12,Winter
C0498,2023-04-22,Darbhanga,Bihar,Rural,5837621,1,5,624,503,497,658,161,4,Summer
C0499,2024-11-11,Darbhanga,Bihar,Rural,174465,3,5,587,436,399,598,199,11,Autumn
C0500,2023-05-29,Darbhanga,Bihar,Rural,7067124,3,6,417,328,303,377,74,5,Summer
C0501,2023-12-20,Bengaluru,Karnataka,Urban,9002557,2,6,477,393,392,487,95,12,Winter
C0502,2024-10-28,Chennai,Tamil Nadu,Urban,8720876,1,5,415,364,362,489,127,10,Autumn
C0503,2024-01-19,Kochi,Kerala,Semi-Urban,1957586,3,6,786,690,626,824,198,1,Winter
C0504,2023-06-27,Bhuj,Gujarat,Semi-Urban,8666815,3,5,791,508,500,659,159,6,Summer
C0505,2024-09-21,Bhuj,Gujarat,Semi-Urban,7750479,1,4,558,470,433,530,97,9,Monsoon
C0506,2024-10-18,Darbhanga,Bihar,Rural,6447027,2,3,557,492,457,657,200,10,Autumn
C0507,2024-05-17,Shimla,Himachal Pradesh,Rural,4169366,1,2,546,327,308,508,200,5,Summer
C0508,2023-12-09,Gaya,Bihar,Rural,5233145,2,5,602,446,403,519,116,12,Winter
C0509,2024-11-15,Darbhanga,Bihar,Rural,1891887,2,2,264,208,197,326,129,11,Autumn
C0510,2024-11-08,Aligarh,Uttar Pradesh,Rural,2059306,2,3,275,235,224,345,121,11,Autumn
C0511,2024-07-04,Aligarh,Uttar Pradesh,Rural,198741,3,2,494,434,409,545,136,7,Monsoon
C0512,2024-01-29,Shimla,Himachal Pradesh,Rural,6954648,3,4,244,192,183,316,133,1,Winter
C0513,2023-05-22,Aligarh,Uttar Pradesh,Rural,3551224,3,6,286,232,230,342,112,5,Summer
C0514,2023-12-06,Pune,Maharashtra,Urban,5199730,3,3,777,544,518,644,126,12,Winter
C0515,2023-08-31,Shimla,Himachal Pradesh,Rural,784234,3,5,413,336,325,438,113,8,Monsoon
C0516,2023-02-01,Gaya,Bihar,Rural,701464,1,5,629,467,433,546,113,2,Winter
C0517,2024-06-14,Darbhanga,Bihar,Rural,1754335,2,6,759,560,521,592,71,6,Summer
C0518,2023-01-28,Shimla,Himachal Pradesh,Rural,4535697,1,5,129,102,93,269,176,1,Winter
C0519,2024-04-26,Darbhanga,Bihar,Rural,6440712,2,5,727,586,556,641,85,4,Summer
C0520,2024-08-23,Darbhanga,Bihar,Rural,6461912,2,6,585,365,353,450,97,8,Monsoon
C0521,2024-07-08,Gaya,Bihar,Rural,7451042,1,6,627,432,430,517,87,7,Monsoon
C0522,2023-05-07,Chennai,Tamil Nadu,Urban,2999707,3,5,536,378,354,456,102,5,Summer
C0523,2024-09-16,Jaipur,Rajasthan,Urban,5991027,2,2,232,181,168,246,78,9,Monsoon
C0524,2023-06-30,Bhuj,Gujarat,Semi-Urban,6015840,2,6,764,600,592,699,107,6,Summer
C0525,2023-11-24,Kochi,Kerala,Semi-Urban,2866070,2,3,265,191,181,306,125,11,Autumn
C0526,2024-09-28,Aligarh,Uttar Pradesh,Rural,4115354,2,5,289,201,185,262,77,9,Monsoon
C0527,2023-04-09,Darbhanga,Bihar,Rural,8601938,3,5,610,430,397,557,160,4,Summer
C0528,2024-11-19,Kochi,Kerala,Semi-Urban,201806,3,5,503,306,282,465,183,11,Autumn
C0529,2023-12-19,Darbhanga,Bihar,Rural,6689533,2,3,742,604,570,714,144,12,Winter
C0530,2023-05-26,Kochi,Kerala,Semi-Urban,9550223,2,5,106,74,70,126,56,5,Summer
C0531,2024-05-18,Aligarh,Uttar Pradesh,Rural,8080725,1,5,432,285,267,377,110,5,Summer
C0532,2024-03-30,Gaya,Bihar,Rural,5116949,3,5,389,288,260,372,112,3,Spring
C0533,2023-11-14,Aligarh,Uttar Pradesh,Rural,2619415,2,5,321,267,248,417,169,11,Autumn
C0534,2024-04-17,Shimla,Himachal Pradesh,Rural,9425749,1,6,131,101,98,182,84,4,Summer
C0535,2023-10-16,Gaya,Bihar,Rural,5298061,3,4,465,397,373,515,142,10,Autumn
C0536,2024-10-20,Pune,Maharashtra,Urban,9430492,3,6,472,363,362,496,134,10,Autumn
C0537,2023-06-22,Chennai,Tamil Nadu,Urban,9170000,2,6,102,72,65,145,80,6,Summer
C0538,2024-06-05,Bhuj,Gujarat,Semi-Urban,7270652,1,4,779,559,506,628,122,6,Summer
C0539,2023-01-21,Chennai,Tamil Nadu,Urban,3345622,1,4,693,601,580,749,169,1,Winter
C0540,2023-12-18,Gaya,Bihar,Rural,8600102,3,2,636,534,493,647,154,12,Winter
C0541,2024-06-21,Bengaluru,Karnataka,Urban,4012940,2,2,373,258,244,441,197,6,Summer
C0542,2023-06-20,Gaya,Bihar,Rural,1991044,2,3,388,288,267,395,128,6,Summer
C0543,2023-05-13,Gaya,Bihar,Rural,6263394,1,6,492,370,353,481,128,5,Summer
C0544,2023-05-23,Darbhanga,Bihar,Rural,5183227,1,5,144,114,111,307,196,5,Summer
C0545,2023-05-31,Chennai,Tamil Nadu,Urban,4896343,2,5,305,194,180,350,170,5,Summer
C0546,2024-06-20,Gaya,Bihar,Rural,8118719,1,3,326,208,206,260,54,6,Summer
C0547,2023-05-27,Gaya,Bihar,Rural,7295668,2,3,218,178,170,236,66,5,Summer
C0548,2023-07-05,Kochi,Kerala,Semi-Urban,348532,3,4,793,649,600,799,199,7,Monsoon
C0549,2023-07-16,Darbhanga,Bihar,Rural,4300108,2,3,436,296,282,437,155,7,Monsoon
C0550,2023-07-28,Kochi,Kerala,Semi-Urban,3958373,1,2,636,406,391,508,117,7,Monsoon
C0551,2024-01-30,Kochi,Kerala,Semi-Urban,6763088,2,3,588,419,392,591,199,1,Winter
C0552,2023-12-22,Shimla,Himachal Pradesh,Rural,7043040,3,2,341,269,253,334,81,12,Winter
C0553,2024-06-09,Darbhanga,Bihar,Rural,4161149,1,2,668,407,377,567,190,6,Summer
C0554,2024-09-14,Bengaluru,Karnataka,Urban,8051867,2,5,498,386,350,536,186,9,Monsoon
C0555,2024-03-11,Bengaluru,Karnataka,Urban,1902388,3,2,194,158,147,325,178,3,Spring
C0556,2024-01-24,Gaya,Bihar,Rural,6802059,2,3,517,402,379,562,183,1,Winter
C0557,2023-04-25,Bhuj,Gujarat,Semi-Urban,1219545,1,6,308,237,223,366,143,4,Summer
C0558,2023-10-30,Aligarh,Uttar Pradesh,Rural,5359910,3,6,317,256,236,344,108,10,Autumn
C0559,2024-05-22,Pune,Maharashtra,Urban,4954763,3,5,596,525,490,567,77,5,Summer
C0560,2023-05-03,Pune,Maharashtra,Urban,4656977,2,6,347,261,255,358,103,5,Summer
C0561,2023-08-08,Bhuj,Gujarat,Semi-Urban,9721139,2,5,189,125,119,275,156,8,Monsoon
C0562,2023-04-07,Aligarh,Uttar Pradesh,Rural,4275772,3,4,177,115,111,283,172,4,Summer
C0563,2024-04-16,Shimla,Himachal Pradesh,Rural,1635160,3,3,500,310,282,419,137,4,Summer
C0564,2024-02-22,Darbhanga,Bihar,Rural,9789858,3,5,401,244,222,305,83,2,Winter
C0565,2024-09-13,Darbhanga,Bihar,Rural,109009,3,3,245,162,147,334,187,9,Monsoon
C0566,2023-03-18,Chennai,Tamil Nadu,Urban,9166608,2,2,553,485,474,656,182,3,Spring
C0567,2024-10-28,Gaya,Bihar,Rural,5720454,1,6,708,588,536,699,163,10,Autumn
C0568,2024-02-09,Darbhanga,Bihar,Rural,9821188,3,5,497,300,280,354,74,2,Winter
C0569,2023-01-23,Bhuj,Gujarat,Semi-Urban,9376699,2,2,290,196,192,338,146,1,Winter
C0570,2023-08-26,Shimla,Himachal Pradesh,Rural,701631,3,3,601,520,498,664,166,8,Monsoon
C0571,2024-05-18,Kochi,Kerala,Semi-Urban,6722808,1,5,610,509,502,577,75,5,Summer
C0572,2024-06-28,Kochi,Kerala,Semi-Urban,4256719,2,2,235,143,137,206,69,6,Summer
C0573,2023-08-07,Kochi,Kerala,Semi-Urban,9928988,2,4,346,216,199,336,137,8,Monsoon
C0574,2023-03-20,Darbhanga,Bihar,Rural,4405773,1,2,186,132,127,284,157,3,Spring
C0575,2024-10-09,Chennai,Tamil Nadu,Urban,2373130,3,4,576,414,392,514,122,10,Autumn
C0576,2024-12-31,Darbhanga,Bihar,Rural,6403331,2,6,718,645,609,689,80,12,Winter
C0577,2024-01-08,Bhuj,Gujarat,Semi-Urban,4358434,1,6,430,362,352,548,196,1,Winter
C0578,2023-05-25,Aligarh,Uttar Pradesh,Rural,6986206,3,3,689,613,585,762,177,5,Summer
C0579,2024-06-13,Aligarh,Uttar Pradesh,Rural,5681540,2,6,512,436,427,511,84,6,Summer
C0580,2024-08-16,Aligarh,Uttar Pradesh,Rural,3004394,3,5,214,141,134,309,175,8,Monsoon
C0581,2024-05-25,Pune,Maharashtra,Urban,9947726,2,2,294,218,199,312,113,5,Summer
C0582,2024-07-26,Chennai,Tamil Nadu,Urban,3818085,3,5,600,504,497,663,166,7,Monsoon
C0583,2024-03-30,Gaya,Bihar,Rural,7735930,3,2,240,175,164,234,70,3,Spring
C0584,2024-02-29,Gaya,Bihar,Rural,2478346,3,3,696,545,523,661,138,2,Winter
C0585,2023-07-28,Pune,Maharashtra,Urban,2996636,1,2,266,199,184,251,67,7,Monsoon
C0586,2023-05-16,Bengaluru,Karnataka,Urban,776402,3,6,406,360,324,509,185,5,Summer
C0587,2023-08-20,Pune,Maharashtra,Urban,6015134,1,6,309,220,209,401,192,8,Monsoon
C0588,2024-04-29,Bengaluru,Karnataka,Urban,8376290,3,6,482,344,312,483,171,4,Summer
C0589,2023-08-01,Chennai,Tamil Nadu,Urban,393114,3,5,126,100,92,182,90,8,Monsoon
C0590,2024-03-15,Chennai,Tamil Nadu,Urban,2666266,3,4,407,320,291,373,82,3,Spring
C0591,2024-09-02,Jaipur,Rajasthan,Urban,2126317,2,2,234,151,139,205,66,9,Monsoon
C0592,2024-11-29,Chennai,Tamil Nadu,Urban,2182422,3,2,751,483,464,634,170,11,Autumn
C0593,2023-07-19,Bengaluru,Karnataka,Urban,2450563,3,5,676,577,536,687,151,7,Monsoon
C0594,2024-07-03,Aligarh,Uttar Pradesh,Rural,2946178,2,4,598,432,409,585,176,7,Monsoon
C0595,2023-05-16,Jaipur,Rajasthan,Urban,9698884,1,6,757,583,539,671,132,5,Summer
C0596,2023-08-18,Shimla,Himachal Pradesh,Rural,1325936,1,2,705,627,584,704,120,8,Monsoon
C0597,2024-03-19,Bengaluru,Karnataka,Urban,7101049,3,5,290,212,207,371,164,3,Spring
C0598,2023-08-10,Aligarh,Uttar Pradesh,Rural,299104,3,6,470,390,376,576,200,8,Monsoon
C0599,2024-08-16,Bhuj,Gujarat,Semi-Urban,1017205,2,6,285,188,170,234,64,8,Monsoon
C0600,2024-09-03,Kochi,Kerala,Semi-Urban,6596940,1,5,585,393,360,434,74,9,Monsoon
C0601,2024-03-15,Kochi,Kerala,Semi-Urban,5619768,1,4,735,443,442,577,135,3,Spring
C0602,2023-05-26,Jaipur,Rajasthan,Urban,3952440,2,2,496,439,413,514,101,5,Summer
C0603,2024-05-28,Jaipur,Rajasthan,Urban,7371131,2,5,691,438,403,562,159,5,Summer
C0604,2024-09-11,Gaya,Bihar,Rural,5235937,3,6,248,202,190,322,132,9,Monsoon
C0605,2024-04-19,Shimla,Himachal Pradesh,Rural,4778412,3,2,116,84,80,183,103,4,Summer
C0606,2024-01-19,Bhuj,Gujarat,Semi-Urban,806277,1,5,364,218,198,307,109,1,Winter
C0607,2024-10-25,Aligarh,Uttar Pradesh,Rural,2034428,1,2,544,484,481,569,88,10,Autumn
C0608,2023-09-10,Bhuj,Gujarat,Semi-Urban,5011762,2,3,105,89,82,268,186,9,Monsoon
C0609,2024-02-07,Shimla,Himachal Pradesh,Rural,5618451,2,2,483,411,378,430,52,2,Winter
C0610,2023-08-14,Chennai,Tamil Nadu,Urban,7977507,3,2,546,363,337,480,143,8,Monsoon
C0611,2024-01-29,Jaipur,Rajasthan,Urban,5381706,3,2,282,249,241,353,112,1,Winter
C0612,2024-08-13,Shimla,Himachal Pradesh,Rural,1739436,2,6,142,115,111,239,128,8,Monsoon
C0613,2023-11-29,Kochi,Kerala,Semi-Urban,7133859,3,5,171,108,98,168,70,11,Autumn
C0614,2023-07-09,Darbhanga,Bihar,Rural,5645374,1,3,364,246,243,364,121,7,Monsoon
C0615,2023-06-02,Shimla,Himachal Pradesh,Rural,9274780,2,2,416,303,296,482,186,6,Summer
C0616,2024-11-21,Darbhanga,Bihar,Rural,6122928,3,5,340,276,261,449,188,11,Autumn
C0617,2024-06-12,Bengaluru,Karnataka,Urban,1817869,1,5,701,584,558,648,90,6,Summer
C0618,2024-03-08,Pune,Maharashtra,Urban,5236101,2,2,606,450,429,522,93,3,Spring
C0619,2023-05-17,Aligarh,Uttar Pradesh,Rural,5859557,3,3,292,254,243,343,100,5,Summer
C0620,2024-05-03,Shimla,Himachal Pradesh,Rural,9336838,3,2,137,90,84,254,170,5,Summer
C0621,2024-08-09,Chennai,Tamil Nadu,Urban,9483628,2,4,728,627,596,788,192,8,Monsoon
C0622,2023-10-27,Darbhanga,Bihar,Rural,1418437,2,3,450,313,292,466,174,10,Autumn
C0623,2024-11-02,Shimla,Himachal Pradesh,Rural,6594632,2,3,379,276,272,442,170,11,Autumn
C0624,2024-01-25,Jaipur,Rajasthan,Urban,4321620,1,3,637,494,467,651,184,1,Winter
C0625,2023-01-10,Aligarh,Uttar Pradesh,Rural,1614748,1,2,161,133,128,218,90,1,Winter
C0626,2024-08-29,Darbhanga,Bihar,Rural,6490265,1,5,339,218,198,327,129,8,Monsoon
C0627,2024-07-02,Gaya,Bihar,Rural,3821877,1,3,692,537,526,606,80,7,Monsoon
C0628,2023-02-07,Aligarh,Uttar Pradesh,Rural,365495,1,6,681,486,437,608,171,2,Winter
C0629,2023-11-24,Bhuj,Gujarat,Semi-Urban,718610,3,3,244,199,188,290,102,11,Autumn
C0630,2024-08-10,Bhuj,Gujarat,Semi-Urban,6881624,2,3,449,370,357,473,116,8,Monsoon
C0631,2024-03-29,Pune,Maharashtra,Urban,7083063,1,6,782,534,511,684,173,3,Spring
C0632,2024-07-15,Pune,Maharashtra,Urban,5273730,2,2,118,98,97,201,104,7,Monsoon
C0633,2023-07-15,Bengaluru,Karnataka,Urban,6013727,1,5,142,115,108,280,172,7,Monsoon
C0634,2024-08-15,Chennai,Tamil Nadu,Urban,4632559,2,6,259,162,158,293,135,8,Monsoon
C0635,2023-03-24,Aligarh,Uttar Pradesh,Rural,3887490,1,3,367,266,245,319,74,3,Spring
C0636,2023-06-12,Aligarh,Uttar Pradesh,Rural,7512837,2,5,104,77,74,250,176,6,Summer
C0637,2023-03-24,Bhuj,Gujarat,Semi-Urban,3498754,1,4,713,559,504,573,69,3,Spring
C0638,2024-08-22,Bhuj,Gujarat,Semi-Urban,7701996,1,4,157,94,89,153,64,8,Monsoon
C0639,2024-05-16,Darbhanga,Bihar,Rural,3613779,3,6,154,126,119,254,135,5,Summer
C0640,2024-05-01,Jaipur,Rajasthan,Urban,5916741,1,6,182,131,125,179,54,5,Summer
C0641,2024-04-15,Jaipur,Rajasthan,Urban,5220838,2,6,300,204,183,333,150,4,Summer
C0642,2023-12-18,Shimla,Himachal Pradesh,Rural,4581036,2,2,374,238,223,301,78,12,Winter
C0643,2024-04-22,Chennai,Tamil Nadu,Urban,8781656,3,3,450,389,381,479,98,4,Summer
C0644,2024-12-14,Darbhanga,Bihar,Rural,535623,1,2,265,166,158,335,177,12,Winter
C0645,2024-07-13,Shimla,Himachal Pradesh,Rural,3089377,1,2,647,561,526,656,130,7,Monsoon
C0646,2024-07-15,Jaipur,Rajasthan,Urban,9493296,2,6,698,422,408,458,50,7,Monsoon
C0647,2024-11-14,Aligarh,Uttar Pradesh,Rural,1350051,1,3,715,481,476,627,151,11,Autumn
C0648,2023-05-06,Chennai,Tamil Nadu,Urban,9044282,2,3,275,242,228,347,119,5,Summer
C0649,2024-09-14,Chennai,Tamil Nadu,Urban,2567861,1,3,543,454,439,540,101,9,Monsoon
C0650,2023-10-01,Chennai,Tamil Nadu,Urban,7245347,3,3,509,456,443,508,65,10,Autumn
C0651,2024-05-04,Pune,Maharashtra,Urban,7563283,1,2,139,93,85,229,144,5,Summer
C0652,2024-01-06,Shimla,Himachal Pradesh,Rural,1748293,1,2,157,106,101,227,126,1,Winter
C0653,2024-02-05,Gaya,Bihar,Rural,5336980,1,4,543,411,391,474,83,2,Winter
C0654,2024-05-16,Aligarh,Uttar Pradesh,Rural,6981960,1,5,249,195,182,238,56,5,Summer
C0655,2024-05-25,Pune,Maharashtra,Urban,9624897,3,6,184,126,125,273,148,5,Summer
C0656,2024-01-16,Darbhanga,Bihar,Rural,9617541,2,2,396,305,274,397,123,1,Winter
C0657,2024-06-26,Jaipur,Rajasthan,Urban,6707920,1,3,747,641,586,708,122,6,Summer
C0658,2023-07-09,Gaya,Bihar,Rural,4820537,1,6,276,177,176,308,132,7,Monsoon
C0659,2023-05-03,Jaipur,Rajasthan,Urban,1464693,2,5,482,311,281,332,51,5,Summer
C0660,2023-11-01,Chennai,Tamil Nadu,Urban,5954264,3,5,131,104,95,222,127,11,Autumn
C0661,2023-01-12,Gaya,Bihar,Rural,9986619,1,5,139,94,85,179,94,1,Winter
C0662,2023-02-17,Shimla,Himachal Pradesh,Rural,8233306,3,5,200,159,157,328,171,2,Winter
C0663,2023-05-15,Chennai,Tamil Nadu,Urban,5843563,1,3,571,384,348,537,189,5,Summer
C0664,2024-06-09,Chennai,Tamil Nadu,Urban,3249111,1,3,321,265,253,398,145,6,Summer
C0665,2023-03-08,Bengaluru,Karnataka,Urban,9748355,2,4,546,447,415,498,83,3,Spring
C0666,2023-06-07,Bengaluru,Karnataka,Urban,8992290,1,2,190,153,139,276,137,6,Summer
C0667,2024-11-13,Aligarh,Uttar Pradesh,Rural,6564898,3,5,199,130,121,267,146,11,Autumn
C0668,2023-04-30,Jaipur,Rajasthan,Urban,5873495,2,4,340,270,256,329,73,4,Summer
C0669,2023-12-24,Chennai,Tamil Nadu,Urban,937388,2,6,749,493,466,583,117,12,Winter
C0670,2024-02-18,Bengaluru,Karnataka,Urban,5485393,1,4,238,188,176,296,120,2,Winter
C0671,2023-05-09,Chennai,Tamil Nadu,Urban,4732691,2,4,506,367,351,499,148,5,Summer
C0672,2023-02-21,Shimla,Himachal Pradesh,Rural,3988797,3,4,385,231,216,367,151,2,Winter
C0673,2023-02-01,Pune,Maharashtra,Urban,9156099,2,4,153,119,117,233,116,2,Winter
C0674,2024-03-13,Gaya,Bihar,Rural,5423216,1,4,746,576,563,626,63,3,Spring
C0675,2023-07-20,Chennai,Tamil Nadu,Urban,4394947,3,6,313,275,257,326,69,7,Monsoon
C0676,2024-02-19,Darbhanga,Bihar,Rural,3646414,1,2,537,454,439,628,189,2,Winter
C0677,2024-07-05,Bhuj,Gujarat,Semi-Urban,7463517,1,4,465,293,286,351,65,7,Monsoon
C0678,2023-08-07,Kochi,Kerala,Semi-Urban,4277717,2,6,757,538,515,666,151,8,Monsoon
C0679,2023-03-27,Darbhanga,Bihar,Rural,346545,2,6,762,616,588,652,64,3,Spring
C0680,2024-05-23,Pune,Maharashtra,Urban,3537533,1,2,435,296,279,447,168,5,Summer
C0681,2024-05-19,Kochi,Kerala,Semi-Urban,8312034,2,4,435,261,251,445,194,5,Summer
C0682,2023-10-18,Darbhanga,Bihar,Rural,1374626,3,2,473,353,326,502,176,10,Autumn
C0683,2024-06-05,Bengaluru,Karnataka,Urban,9695787,2,5,407,349,342,415,73,6,Summer
C0684,2024-04-02,Darbhanga,Bihar,Rural,9740370,1,3,128,102,98,193,95,4,Summer
C0685,2023-01-19,Jaipur,Rajasthan,Urban,1083758,2,5,252,224,208,299,91,1,Winter
C0686,2024-11-23,Shimla,Himachal Pradesh,Rural,5068578,3,5,255,211,210,289,79,11,Autumn
C0687,2024-03-15,Pune,Maharashtra,Urban,5380644,2,5,360,281,280,396,116,3,Spring
C0688,2023-06-05,Bengaluru,Karnataka,Urban,7715744,1,3,776,617,601,781,180,6,Summer
C0689,2024-12-23,Chennai,Tamil Nadu,Urban,6310563,1,5,695,620,603,682,79,12,Winter
C0690,2023-12-13,Chennai,Tamil Nadu,Urban,5531729,3,3,440,342,323,381,58,12,Winter
C0691,2024-05-06,Darbhanga,Bihar,Rural,8026833,1,3,546,433,415,469,54,5,Summer
C0692,2023-10-12,Bengaluru,Karnataka,Urban,4608589,1,4,146,127,114,287,173,10,Autumn
C0693,2024-03-28,Shimla,Himachal Pradesh,Rural,1700970,2,3,548,435,417,566,149,3,Spring
C0694,2023-11-26,Chennai,Tamil Nadu,Urban,1197530,2,3,180,120,110,209,99,11,Autumn
C0695,2024-05-21,Kochi,Kerala,Semi-Urban,9715421,2,3,491,428,386,465,79,5,Summer
C0696,2023-05-30,Chennai,Tamil Nadu,Urban,5367984,1,3,402,280,273,327,54,5,Summer
C0697,2024-09-20,Chennai,Tamil Nadu,Urban,827074,1,6,657,482,440,532,92,9,Monsoon
C0698,2024-08-14,Jaipur,Rajasthan,Urban,7466255,1,2,739,525,513,611,98,8,Monsoon
C0699,2024-02-02,Jaipur,Rajasthan,Urban,5496618,3,2,194,135,122,316,194,2,Winter
C0700,2023-11-04,Jaipur,Rajasthan,Urban,5525907,1,6,283,176,173,318,145,11,Autumn
C0701,2023-08-21,Chennai,Tamil Nadu,Urban,7172492,3,5,662,447,405,460,55,8,Monsoon
C0702,2023-03-24,Kochi,Kerala,Semi-Urban,9967713,2,6,714,438,418,596,178,3,Spring
C0703,2023-12-02,Aligarh,Uttar Pradesh,Rural,4507956,3,4,567,378,364,492,128,12,Winter
C0704,2023-08-05,Pune,Maharashtra,Urban,1422518,1,6,361,241,221,382,161,8,Monsoon
C0705,2024-10-24,Shimla,Himachal Pradesh,Rural,8160977,2,5,623,452,415,502,87,10,Autumn
C0706,2024-08-22,Shimla,Himachal Pradesh,Rural,9567560,3,3,349,247,226,404,178,8,Monsoon
C0707,2024-08-13,Aligarh,Uttar Pradesh,Rural,8657617,3,3,445,383,374,468,94,8,Monsoon
C0708,2024-08-19,Pune,Maharashtra,Urban,9651676,3,6,552,359,326,392,66,8,Monsoon
C0709,2024-04-27,Gaya,Bihar,Rural,2667388,3,2,220,163,149,253,104,4,Summer
C0710,2023-02-09,Kochi,Kerala,Semi-Urban,8827418,2,5,523,330,299,422,123,2,Winter
C0711,2023-07-19,Jaipur,Rajasthan,Urban,5573362,3,3,186,154,143,230,87,7,Monsoon
C0712,2023-10-27,Jaipur,Rajasthan,Urban,1958350,1,5,283,186,179,235,56,10,Autumn
C0713,2023-12-05,Gaya,Bihar,Rural,5574071,1,2,726,466,458,516,58,12,Winter
C0714,2024-08-08,Bengaluru,Karnataka,Urban,9905160,1,3,282,210,204,397,193,8,Monsoon
C0715,2024-12-31,Shimla,Himachal Pradesh,Rural,406725,2,2,393,238,229,307,78,12,Winter
C0716,2023-04-14,Pune,Maharashtra,Urban,6238059,3,5,623,499,481,681,200,4,Summer
C0717,2023-03-02,Bengaluru,Karnataka,Urban,9928611,3,3,674,563,508,612,104,3,Spring
C0718,2024-10-26,Chennai,Tamil Nadu,Urban,7578528,3,4,305,222,201,306,105,10,Autumn
C0719,2024-06-02,Gaya,Bihar,Rural,9022773,3,5,665,431,408,558,150,6,Summer
C0720,2024-09-01,Aligarh,Uttar Pradesh,Rural,8738103,1,3,278,200,199,344,145,9,Monsoon
C0721,2023-03-30,Bhuj,Gujarat,Semi-Urban,7127338,3,3,438,355,349,511,162,3,Spring
C0722,2023-12-17,Bengaluru,Karnataka,Urban,8172915,2,4,776,511,473,540,67,12,Winter
C0723,2023-08-18,Gaya,Bihar,Rural,6637091,2,3,328,218,211,404,193,8,Monsoon
C0724,2024-03-23,Gaya,Bihar,Rural,9015502,1,6,571,502,485,617,132,3,Spring
C0725,2024-04-12,Chennai,Tamil Nadu,Urban,5436247,3,2,308,268,249,320,71,4,Summer
C0726,2024-09-12,Bhuj,Gujarat,Semi-Urban,2313838,3,6,797,493,463,656,193,9,Monsoon
C0727,2024-06-08,Pune,Maharashtra,Urban,7104769,1,3,447,372,342,466,124,6,Summer
C0728,2024-03-20,Chennai,Tamil Nadu,Urban,2817662,2,5,276,196,193,244,51,3,Spring
C0729,2024-01-01,Jaipur,Rajasthan,Urban,3641043,3,2,351,268,262,453,191,1,Winter
C0730,2024-10-14,Darbhanga,Bihar,Rural,4779272,1,6,713,619,597,659,62,10,Autumn
C0731,2023-10-05,Darbhanga,Bihar,Rural,4121674,3,2,121,85,82,161,79,10,Autumn
C0732,2024-04-15,Kochi,Kerala,Semi-Urban,8159884,3,6,525,460,452,585,133,4,Summer
C0733,2024-01-17,Bhuj,Gujarat,Semi-Urban,8588854,2,4,448,318,296,403,107,1,Winter
C0734,2024-10-18,Gaya,Bihar,Rural,666083,3,4,495,328,307,358,51,10,Autumn
C0735,2024-08-05,Aligarh,Uttar Pradesh,Rural,3130235,2,5,641,520,480,637,157,8,Monsoon
C0736,2024-10-26,Jaipur,Rajasthan,Urban,718243,2,3,736,470,454,639,185,10,Autumn
C0737,2023-11-23,Jaipur,Rajasthan,Urban,8336098,1,5,766,522,497,587,90,11,Autumn
C0738,2024-10-12,Gaya,Bihar,Rural,5444526,1,5,205,176,164,354,190,10,Autumn
C0739,2024-05-14,Gaya,Bihar,Rural,6337635,2,2,634,490,443,602,159,5,Summer
C0740,2023-07-09,Aligarh,Uttar Pradesh,Rural,9402156,3,3,509,418,376,573,197,7,Monsoon
C0741,2023-09-20,Kochi,Kerala,Semi-Urban,4434246,3,4,276,213,212,270,58,9,Monsoon
C0742,2024-12-04,Aligarh,Uttar Pradesh,Rural,1320904,1,2,314,243,221,273,52,12,Winter
C0743,2024-12-09,Bengaluru,Karnataka,Urban,2736929,1,4,560,406,377,561,184,12,Winter
C0744,2024-08-28,Darbhanga,Bihar,Rural,3427905,1,4,383,239,224,348,124,8,Monsoon
C0745,2023-09-09,Aligarh,Uttar Pradesh,Rural,7768941,2,5,618,441,402,479,77,9,Monsoon
C0746,2023-12-17,Kochi,Kerala,Semi-Urban,9679866,1,4,520,387,350,434,84,12,Winter
C0747,2024-04-09,Jaipur,Rajasthan,Urban,8137598,3,2,677,583,544,726,182,4,Summer
C0748,2024-05-12,Pune,Maharashtra,Urban,7538376,3,4,624,503,482,673,191,5,Summer
C0749,2023-10-05,Bhuj,Gujarat,Semi-Urban,2577487,2,2,723,523,475,647,172,10,Autumn
C0750,2024-08-09,Aligarh,Uttar Pradesh,Rural,1374902,2,4,572,472,428,539,111,8,Monsoon
C0751,2023-05-10,Bhuj,Gujarat,Semi-Urban,2769460,1,4,147,120,113,229,116,5,Summer
C0752,2024-10-05,Aligarh,Uttar Pradesh,Rural,8970899,3,6,560,453,438,531,93,10,Autumn
C0753,2024-09-08,Darbhanga,Bihar,Rural,5637413,2,4,778,548,496,652,156,9,Monsoon
C0754,2023-10-23,Aligarh,Uttar Pradesh,Rural,9962041,1,6,286,242,234,356,122,10,Autumn
C0755,2024-01-30,Jaipur,Rajasthan,Urban,2912395,3,5,741,663,598,763,165,1,Winter
C0756,2023-09-30,Bengaluru,Karnataka,Urban,698428,2,5,348,301,285,459,174,9,Monsoon
C0757,2024-01-01,Gaya,Bihar,Rural,3989692,2,6,739,654,593,786,193,1,Winter
C0758,2023-05-09,Kochi,Kerala,Semi-Urban,1603153,1,4,423,276,266,418,152,5,Summer
C0759,2023-11-30,Gaya,Bihar,Rural,4870567,1,3,452,287,283,395,112,11,Autumn
C0760,2023-02-03,Aligarh,Uttar Pradesh,Rural,9423164,1,4,687,514,478,562,84,2,Winter
C0761,2024-03-03,Bhuj,Gujarat,Semi-Urban,2359194,2,6,204,132,120,284,164,3,Spring
C0762,2024-08-02,Bhuj,Gujarat,Semi-Urban,7110879,3,4,522,450,409,601,192,8,Monsoon
C0763,2023-03-21,Jaipur,Rajasthan,Urban,5804345,3,6,697,620,616,775,159,3,Spring
C0764,2023-05-23,Aligarh,Uttar Pradesh,Rural,1706788,2,3,609,381,378,448,70,5,Summer
C0765,2023-06-26,Bengaluru,Karnataka,Urban,2765506,3,6,454,354,335,490,155,6,Summer
C0766,2024-05-20,Aligarh,Uttar Pradesh,Rural,5403381,2,3,152,131,118,302,184,5,Summer
C0767,2023-03-29,Aligarh,Uttar Pradesh,Rural,5855548,2,4,252,213,202,300,98,3,Spring
C0768,2024-12-02,Shimla,Himachal Pradesh,Rural,3244482,3,3,535,467,437,607,170,12,Winter
C0769,2024-01-16,Aligarh,Uttar Pradesh,Rural,7527539,2,5,539,435,399,483,84,1,Winter
C0770,2024-02-29,Pune,Maharashtra,Urban,1047065,2,3,145,128,117,182,65,2,Winter
C0771,2023-08-11,Jaipur,Rajasthan,Urban,518325,3,6,755,674,664,792,128,8,Monsoon
C0772,2023-01-24,Shimla,Himachal Pradesh,Rural,6300324,2,5,210,152,141,242,101,1,Winter
C0773,2023-12-12,Kochi,Kerala,Semi-Urban,7505925,1,2,275,209,203,384,181,12,Winter
C0774,2023-12-24,Bhuj,Gujarat,Semi-Urban,9461523,2,4,361,286,268,359,91,12,Winter
C0775,2023-10-08,Aligarh,Uttar Pradesh,Rural,2915515,3,4,385,248,226,395,169,10,Autumn
C0776,2024-03-18,Kochi,Kerala,Semi-Urban,2921238,2,6,138,86,82,278,196,3,Spring
C0777,2024-01-01,Gaya,Bihar,Rural,896585,2,5,703,566,520,606,86,1,Winter
C0778,2023-12-11,Bengaluru,Karnataka,Urban,6347005,1,2,383,246,223,313,90,12,Winter
C0779,2023-07-10,Aligarh,Uttar Pradesh,Rural,7830304,2,4,365,245,239,316,77,7,Monsoon
C0780,2023-01-08,Aligarh,Uttar Pradesh,Rural,8219087,3,3,317,245,244,349,105,1,Winter
C0781,2023-01-05,Bengaluru,Karnataka,Urban,5622818,3,2,317,199,187,261,74,1,Winter
C0782,2024-10-22,Bhuj,Gujarat,Semi-Urban,2306153,2,5,230,172,168,346,178,10,Autumn
C0783,2023-08-17,Shimla,Himachal Pradesh,Rural,266288,1,6,203,153,143,199,56,8,Monsoon
C0784,2024-01-27,Bhuj,Gujarat,Semi-Urban,5943733,2,3,410,350,320,402,82,1,Winter
C0785,2024-06-11,Bhuj,Gujarat,Semi-Urban,2298426,2,3,394,285,270,330,60,6,Summer
C0786,2024-10-01,Aligarh,Uttar Pradesh,Rural,4685320,2,6,565,426,405,540,135,10,Autumn
C0787,2024-04-19,Pune,Maharashtra,Urban,9439303,2,3,452,350,324,501,177,4,Summer
C0788,2023-06-02,Bengaluru,Karnataka,Urban,2035893,2,5,374,244,224,398,174,6,Summer
C0789,2024-06-03,Aligarh,Uttar Pradesh,Rural,9322778,1,4,147,101,100,211,111,6,Summer
C0790,2024-09-05,Gaya,Bihar,Rural,540226,2,4,307,187,180,286,106,9,Monsoon
C0791,2023-05-28,Chennai,Tamil Nadu,Urban,6545286,3,3,320,275,267,338,71,5,Summer
C0792,2023-09-10,Gaya,Bihar,Rural,9956754,3,5,380,341,321,405,84,9,Monsoon
C0793,2023-01-03,Pune,Maharashtra,Urban,9504319,2,5,797,685,621,734,113,1,Winter
C0794,2023-04-06,Bhuj,Gujarat,Semi-Urban,4283095,1,6,303,241,222,280,58,4,Summer
C0795,2024-05-14,Darbhanga,Bihar,Rural,5051454,2,2,415,342,335,495,160,5,Summer
C0796,2023-07-30,Pune,Maharashtra,Urban,3964559,1,4,253,222,202,350,148,7,Monsoon
C0797,2023-12-25,Bhuj,Gujarat,Semi-Urban,5914912,3,2,653,469,452,543,91,12,Winter
C0798,2024-09-01,Gaya,Bihar,Rural,8950518,3,6,250,190,173,288,115,9,Monsoon
C0799,2023-06-15,Kochi,Kerala,Semi-Urban,8779570,3,5,350,237,228,297,69,6,Summer
C0800,2024-06-23,Bhuj,Gujarat,Semi-Urban,8332608,3,3,105,68,65,174,109,6,Summer
C0801,2023-06-10,Gaya,Bihar,Rural,8549127,1,3,375,329,326,423,97,6,Summer
C0802,2024-09-06,Shimla,Himachal Pradesh,Rural,8654082,3,2,695,448,422,549,127,9,Monsoon
C0803,2023-12-16,Kochi,Kerala,Semi-Urban,6388380,2,6,520,444,404,509,105,12,Winter
C0804,2024-12-19,Bhuj,Gujarat,Semi-Urban,8966910,3,4,229,158,156,315,159,12,Winter
C0805,2024-05-21,Shimla,Himachal Pradesh,Rural,8080325,1,3,647,414,372,539,167,5,Summer
C0806,2024-06-12,Pune,Maharashtra,Urban,6811926,3,4,178,153,143,310,167,6,Summer
C0807,2023-05-21,Darbhanga,Bihar,Rural,768823,3,3,247,158,146,209,63,5,Summer
C0808,2024-03-07,Darbhanga,Bihar,Rural,6419558,3,6,203,140,128,217,89,3,Spring
C0809,2024-10-25,Chennai,Tamil Nadu,Urban,4249501,3,2,727,447,409,581,172,10,Autumn
C0810,2023-04-16,Pune,Maharashtra,Urban,1062456,3,6,153,115,111,185,74,4,Summer
C0811,2023-09-30,Gaya,Bihar,Rural,9084803,3,5,600,417,403,594,191,9,Monsoon
C0812,2024-03-27,Gaya,Bihar,Rural,1606889,2,5,727,540,505,557,52,3,Spring
C0813,2023-04-11,Shimla,Himachal Pradesh,Rural,2799441,3,2,764,529,511,561,50,4,Summer
C0814,2023-11-05,Darbhanga,Bihar,Rural,4723863,1,6,565,347,313,385,72,11,Autumn
C0815,2024-11-28,Gaya,Bihar,Rural,5297186,2,3,503,416,391,457,66,11,Autumn
C0816,2024-06-13,Bengaluru,Karnataka,Urban,2499414,3,6,260,164,147,327,180,6,Summer
C0817,2024-08-11,Bengaluru,Karnataka,Urban,8094765,1,3,213,162,160,321,161,8,Monsoon
C0818,2024-09-16,Aligarh,Uttar Pradesh,Rural,1614778,3,4,166,132,126,270,144,9,Monsoon
C0819,2024-09-24,Gaya,Bihar,Rural,5809542,3,2,538,475,471,524,53,9,Monsoon
C0820,2024-04-29,Shimla,Himachal Pradesh,Rural,8311491,3,6,144,126,114,226,112,4,Summer
C0821,2024-05-19,Bengaluru,Karnataka,Urban,7783175,2,3,788,668,658,710,52,5,Summer
C0822,2023-07-12,Shimla,Himachal Pradesh,Rural,6333086,2,4,413,363,349,403,54,7,Monsoon
C0823,2023-03-23,Darbhanga,Bihar,Rural,751899,3,6,742,581,535,588,53,3,Spring
C0824,2024-05-02,Kochi,Kerala,Semi-Urban,5739381,1,4,445,302,282,385,103,5,Summer
C0825,2023-04-29,Shimla,Himachal Pradesh,Rural,746268,3,6,792,671,612,791,179,4,Summer
C0826,2023-05-16,Pune,Maharashtra,Urban,1403296,1,2,424,297,292,390,98,5,Summer
C0827,2024-04-03,Aligarh,Uttar Pradesh,Rural,8993156,1,5,757,672,630,777,147,4,Summer
C0828,2023-03-23,Darbhanga,Bihar,Rural,6695450,1,2,341,247,235,350,115,3,Spring
C0829,2024-03-10,Bengaluru,Karnataka,Urban,1562839,3,3,177,156,147,260,113,3,Spring
C0830,2024-08-20,Gaya,Bihar,Rural,9459588,3,3,129,113,107,198,91,8,Monsoon
C0831,2023-08-30,Jaipur,Rajasthan,Urban,8692467,1,4,174,140,130,250,120,8,Monsoon
C0832,2024-04-29,Shimla,Himachal Pradesh,Rural,6674358,1,3,118,90,89,248,159,4,Summer
C0833,2023-11-10,Pune,Maharashtra,Urban,2830450,2,2,660,554,519,652,133,11,Autumn
C0834,2023-10-26,Gaya,Bihar,Rural,3505882,3,5,313,201,198,389,191,10,Autumn
C0835,2023-01-18,Pune,Maharashtra,Urban,7166620,1,4,458,355,343,516,173,1,Winter
C0836,2024-02-16,Shimla,Himachal Pradesh,Rural,610665,3,2,530,355,338,531,193,2,Winter
C0837,2023-02-18,Kochi,Kerala,Semi-Urban,5173378,1,4,688,605,577,769,192,2,Winter
C0838,2023-02-18,Jaipur,Rajasthan,Urban,310916,1,3,705,431,422,548,126,2,Winter
C0839,2024-02-09,Aligarh,Uttar Pradesh,Rural,1785011,1,4,402,288,283,440,157,2,Winter
C0840,2024-04-30,Bhuj,Gujarat,Semi-Urban,7293551,2,4,791,647,633,826,193,4,Summer
C0841,2024-04-27,Jaipur,Rajasthan,Urban,9944861,1,5,543,480,456,624,168,4,Summer
C0842,2024-06-06,Darbhanga,Bihar,Rural,3679776,3,2,293,246,224,394,170,6,Summer
C0843,2024-08-19,Bengaluru,Karnataka,Urban,6627719,1,6,398,253,235,408,173,8,Monsoon
C0844,2024-02-22,Aligarh,Uttar Pradesh,Rural,9424906,1,3,581,369,343,423,80,2,Winter
C0845,2023-07-17,Bengaluru,Karnataka,Urban,1176502,3,4,495,313,301,439,138,7,Monsoon
C0846,2023-09-15,Gaya,Bihar,Rural,5615068,3,4,536,445,436,492,56,9,Monsoon
C0847,2024-09-02,Aligarh,Uttar Pradesh,Rural,9549268,3,2,752,453,429,491,62,9,Monsoon
C0848,2024-08-01,Chennai,Tamil Nadu,Urban,3179862,1,4,504,400,360,501,141,8,Monsoon
C0849,2024-05-13,Aligarh,Uttar Pradesh,Rural,8020589,1,6,217,136,126,247,121,5,Summer
C0850,2023-09-19,Jaipur,Rajasthan,Urban,8698719,1,6,211,133,124,230,106,9,Monsoon
C0851,2024-02-26,Shimla,Himachal Pradesh,Rural,3137715,1,6,760,622,615,755,140,2,Winter
C0852,2023-06-14,Kochi,Kerala,Semi-Urban,7741692,3,4,311,264,248,327,79,6,Summer
C0853,2023-12-28,Shimla,Himachal Pradesh,Rural,5678860,3,6,328,249,227,387,160,12,Winter
C0854,2024-01-26,Bhuj,Gujarat,Semi-Urban,3250427,3,5,399,291,266,416,150,1,Winter
C0855,2023-12-26,Shimla,Himachal Pradesh,Rural,2866441,1,2,634,540,500,593,93,12,Winter
C0856,2024-08-13,Bhuj,Gujarat,Semi-Urban,3115982,2,6,765,515,481,597,116,8,Monsoon
C0857,2024-09-22,Bhuj,Gujarat,Semi-Urban,6311630,3,6,357,274,269,379,110,9,Monsoon
C0858,2024-07-28,Pune,Maharashtra,Urban,9204959,2,6,494,432,431,579,148,7,Monsoon
C0859,2023-04-18,Gaya,Bihar,Rural,6178047,2,2,524,393,372,512,140,4,Summer
C0860,2024-09-10,Bhuj,Gujarat,Semi-Urban,3932825,2,2,126,94,84,223,139,9,Monsoon
C0861,2023-02-08,Aligarh,Uttar Pradesh,Rural,4306395,1,6,168,102,93,172,79,2,Winter
C0862,2024-07-30,Aligarh,Uttar Pradesh,Rural,424796,3,3,561,480,475,659,184,7,Monsoon
C0863,2023-04-07,Kochi,Kerala,Semi-Urban,5084183,2,6,550,354,336,429,93,4,Summer
C0864,2024-06-21,Aligarh,Uttar Pradesh,Rural,4989305,2,3,623,488,447,535,88,6,Summer
C0865,2023-09-23,Aligarh,Uttar Pradesh,Rural,5980666,3,6,469,317,301,469,168,9,Monsoon
C0866,2024-03-07,Aligarh,Uttar Pradesh,Rural,2936152,3,5,595,434,406,511,105,3,Spring
C0867,2023-10-06,Chennai,Tamil Nadu,Urban,3534150,1,2,301,182,164,297,133,10,Autumn
C0868,2024-06-19,Kochi,Kerala,Semi-Urban,6163331,3,3,523,470,465,585,120,6,Summer
C0869,2024-07-21,Darbhanga,Bihar,Rural,6284161,3,2,337,297,278,391,113,7,Monsoon
C0870,2024-08-08,Jaipur,Rajasthan,Urban,3382793,1,2,568,358,332,501,169,8,Monsoon
C0871,2023-12-25,Chennai,Tamil Nadu,Urban,5080885,2,4,173,152,144,241,97,12,Winter
C0872,2023-08-16,Kochi,Kerala,Semi-Urban,3412232,3,5,445,278,268,412,144,8,Monsoon
C0873,2024-04-14,Jaipur,Rajasthan,Urban,4328839,3,5,735,443,426,487,61,4,Summer
C0874,2024-12-23,Kochi,Kerala,Semi-Urban,8408404,1,2,420,286,264,325,61,12,Winter
C0875,2024-05-10,Jaipur,Rajasthan,Urban,6983391,2,4,505,352,338,518,180,5,Summer
C0876,2024-06-24,Pune,Maharashtra,Urban,9499279,1,3,540,330,322,424,102,6,Summer
C0877,2024-09-26,Chennai,Tamil Nadu,Urban,1677359,2,4,452,316,292,445,153,9,Monsoon
C0878,2024-03-11,Gaya,Bihar,Rural,8794274,3,6,701,583,529,644,115,3,Spring
C0879,2024-06-09,Shimla,Himachal Pradesh,Rural,310956,1,6,406,263,252,442,190,6,Summer
C0880,2024-09-30,Bengaluru,Karnataka,Urban,4714748,3,2,319,230,217,380,163,9,Monsoon
C0881,2023-07-18,Gaya,Bihar,Rural,7467857,1,5,231,207,187,314,127,7,Monsoon
C0882,2024-09-24,Shimla,Himachal Pradesh,Rural,3738372,1,5,461,290,285,430,145,9,Monsoon
C0883,2023-07-22,Bhuj,Gujarat,Semi-Urban,5883269,2,3,333,209,192,315,123,7,Monsoon
C0884,2024-08-03,Gaya,Bihar,Rural,5670308,1,6,506,390,351,494,143,8,Monsoon
C0885,2023-10-10,Darbhanga,Bihar,Rural,1075704,1,3,631,464,432,571,139,10,Autumn
C0886,2023-04-16,Jaipur,Rajasthan,Urban,8042734,2,6,765,592,552,694,142,4,Summer
C0887,2024-12-08,Bhuj,Gujarat,Semi-Urban,9444442,1,6,325,232,230,400,170,12,Winter
C0888,2023-08-14,Jaipur,Rajasthan,Urban,9314964,1,2,651,485,459,569,110,8,Monsoon
C0889,2024-05-28,Chennai,Tamil Nadu,Urban,8132294,3,2,464,397,393,527,134,5,Summer
C0890,2024-11-10,Chennai,Tamil Nadu,Urban,947934,3,4,153,102,95,281,186,11,Autumn
C0891,2024-03-20,Bengaluru,Karnataka,Urban,3096411,3,2,402,326,304,405,101,3,Spring
C0892,2023-04-17,Bhuj,Gujarat,Semi-Urban,1237069,1,2,227,173,159,284,125,4,Summer
C0893,2024-02-27,Jaipur,Rajasthan,Urban,5280903,1,3,242,207,203,396,193,2,Winter
C0894,2023-02-15,Gaya,Bihar,Rural,2752921,2,3,430,264,238,395,157,2,Winter
C0895,2023-02-24,Shimla,Himachal Pradesh,Rural,923428,3,2,733,510,498,621,123,2,Winter
C0896,2023-10-09,Darbhanga,Bihar,Rural,4655268,1,4,778,660,613,698,85,10,Autumn
C0897,2024-07-29,Gaya,Bihar,Rural,8302604,1,6,606,388,377,533,156,7,Monsoon
C0898,2024-06-29,Aligarh,Uttar Pradesh,Rural,1249959,1,2,393,331,324,428,104,6,Summer
C0899,2023-12-24,Bengaluru,Karnataka,Urban,4468162,3,3,141,115,113,308,195,12,Winter
C0900,2023-10-23,Bengaluru,Karnataka,Urban,4242398,3,3,487,429,422,563,141,10,Autumn
C0901,2023-09-21,Darbhanga,Bihar,Rural,2026705,2,3,227,151,137,240,103,9,Monsoon
C0902,2024-03-08,Jaipur,Rajasthan,Urban,3316946,3,5,589,495,465,539,74,3,Spring
C0903,2024-06-02,Chennai,Tamil Nadu,Urban,1827780,3,2,463,340,306,465,159,6,Summer
C0904,2023-04-21,Pune,Maharashtra,Urban,4431763,2,2,475,393,354,439,85,4,Summer
C0905,2023-04-19,Darbhanga,Bihar,Rural,7509386,2,5,247,214,200,351,151,4,Summer
C0906,2023-03-10,Bengaluru,Karnataka,Urban,3519801,3,5,283,238,222,403,181,3,Spring
C0907,2024-01-31,Aligarh,Uttar Pradesh,Rural,7850977,3,5,167,114,110,270,160,1,Winter
C0908,2024-10-06,Shimla,Himachal Pradesh,Rural,3907216,1,5,656,514,513,577,64,10,Autumn
C0909,2024-02-13,Bengaluru,Karnataka,Urban,3691034,3,4,311,215,200,387,187,2,Winter
C0910,2023-05-03,Jaipur,Rajasthan,Urban,4637228,1,2,106,93,89,286,197,5,Summer
C0911,2023-01-31,Gaya,Bihar,Rural,4793750,1,2,650,390,377,469,92,1,Winter
C0912,2024-12-07,Darbhanga,Bihar,Rural,9684770,2,5,771,680,615,760,145,12,Winter
C0913,2024-04-22,Pune,Maharashtra,Urban,4213227,3,3,209,141,136,219,83,4,Summer
C0914,2024-11-23,Kochi,Kerala,Semi-Urban,8709287,3,3,746,571,550,735,185,11,Autumn
C0915,2024-01-11,Kochi,Kerala,Semi-Urban,5674569,1,5,664,490,482,655,173,1,Winter
C0916,2024-05-12,Bhuj,Gujarat,Semi-Urban,2801870,2,3,496,301,274,439,165,5,Summer
C0917,2023-09-03,Kochi,Kerala,Semi-Urban,2201791,1,6,319,209,202,382,180,9,Monsoon
C0918,2024-12-23,Shimla,Himachal Pradesh,Rural,3041694,2,3,462,387,375,558,183,12,Winter
C0919,2023-12-04,Kochi,Kerala,Semi-Urban,7999436,2,4,654,568,539,679,140,12,Winter
C0920,2024-12-29,Chennai,Tamil Nadu,Urban,9568128,2,5,615,530,508,591,83,12,Winter
C0921,2023-09-09,Kochi,Kerala,Semi-Urban,4477583,2,3,678,502,474,602,128,9,Monsoon
C0922,2024-08-18,Aligarh,Uttar Pradesh,Rural,9961581,1,5,532,434,408,590,182,8,Monsoon
C0923,2023-03-22,Bengaluru,Karnataka,Urban,7675613,2,5,756,607,598,666,68,3,Spring
C0924,2024-10-22,Jaipur,Rajasthan,Urban,9696521,3,4,433,313,292,400,108,10,Autumn
C0925,2024-12-22,Bhuj,Gujarat,Semi-Urban,2509737,2,4,631,514,492,635,143,12,Winter
C0926,2024-07-07,Kochi,Kerala,Semi-Urban,1047895,1,3,600,433,400,586,186,7,Monsoon
C0927,2024-02-18,Chennai,Tamil Nadu,Urban,4687568,3,5,238,201,192,254,62,2,Winter
C0928,2023-06-08,Jaipur,Rajasthan,Urban,3607792,2,4,449,363,337,422,85,6,Summer
C0929,2024-03-22,Aligarh,Uttar Pradesh,Rural,1655967,2,2,716,625,618,739,121,3,Spring
C0930,2024-06-21,Shimla,Himachal Pradesh,Rural,9875250,2,6,354,258,240,368,128,6,Summer
C0931,2023-04-04,Jaipur,Rajasthan,Urban,1749178,2,5,306,221,212,336,124,4,Summer
C0932,2023-11-28,Aligarh,Uttar Pradesh,Rural,9319275,3,3,455,391,382,495,113,11,Autumn
C0933,2024-11-08,Aligarh,Uttar Pradesh,Rural,4181170,3,2,362,263,240,392,152,11,Autumn
C0934,2024-01-06,Shimla,Himachal Pradesh,Rural,2608841,1,2,547,341,321,428,107,1,Winter
C0935,2024-08-23,Bengaluru,Karnataka,Urban,7294300,2,3,659,555,529,694,165,8,Monsoon
C0936,2024-12-23,Bhuj,Gujarat,Semi-Urban,1277016,2,5,676,505,487,589,102,12,Winter
C0937,2023-10-10,Pune,Maharashtra,Urban,8261727,3,6,301,238,219,408,189,10,Autumn
C0938,2024-08-04,Darbhanga,Bihar,Rural,6338637,1,4,784,496,487,650,163,8,Monsoon
C0939,2023-05-23,Aligarh,Uttar Pradesh,Rural,3995313,2,6,423,324,300,404,104,5,Summer
C0940,2023-08-18,Bhuj,Gujarat,Semi-Urban,9367426,1,4,501,398,394,539,145,8,Monsoon
C0941,2024-11-09,Bhuj,Gujarat,Semi-Urban,8102555,3,2,634,545,505,663,158,11,Autumn
C0942,2023-01-23,Kochi,Kerala,Semi-Urban,4559547,1,2,646,480,471,559,88,1,Winter
C0943,2024-09-04,Aligarh,Uttar Pradesh,Rural,7714397,1,3,378,229,227,406,179,9,Monsoon
C0944,2024-01-27,Shimla,Himachal Pradesh,Rural,7775943,3,2,453,298,271,415,144,1,Winter
C0945,2023-05-11,Gaya,Bihar,Rural,7776505,2,2,635,400,386,500,114,5,Summer
C0946,2023-07-31,Kochi,Kerala,Semi-Urban,3490754,1,6,334,293,287,399,112,7,Monsoon
C0947,2023-09-07,Darbhanga,Bihar,Rural,711613,3,2,257,188,169,338,169,9,Monsoon
C0948,2024-09-26,Jaipur,Rajasthan,Urban,7505548,1,3,520,325,301,415,114,9,Monsoon
C0949,2024-07-21,Darbhanga,Bihar,Rural,6010771,3,3,643,576,558,659,101,7,Monsoon
C0950,2024-04-22,Kochi,Kerala,Semi-Urban,1112097,3,5,499,410,388,556,168,4,Summer
C0951,2023-09-09,Kochi,Kerala,Semi-Urban,9804009,2,6,373,240,226,293,67,9,Monsoon
C0952,2023-01-14,Kochi,Kerala,Semi-Urban,9499642,1,2,207,156,144,258,114,1,Winter
C0953,2024-06-01,Darbhanga,Bihar,Rural,676140,2,2,560,484,483,608,125,6,Summer
C0954,2023-03-15,Pune,Maharashtra,Urban,6372642,2,5,441,300,279,388,109,3,Spring
C0955,2024-07-07,Chennai,Tamil Nadu,Urban,2128790,2,4,108,93,92,277,185,7,Monsoon
C0956,2023-11-08,Shimla,Himachal Pradesh,Rural,7182315,2,5,288,259,247,407,160,11,Autumn
C0957,2023-09-06,Bengaluru,Karnataka,Urban,7008994,1,6,663,512,479,657,178,9,Monsoon
C0958,2023-03-02,Chennai,Tamil Nadu,Urban,5614184,2,6,669,510,475,550,75,3,Spring
C0959,2023-11-09,Jaipur,Rajasthan,Urban,5155527,2,5,586,485,454,564,110,11,Autumn
C0960,2024-01-15,Gaya,Bihar,Rural,8802571,2,6,637,567,548,739,191,1,Winter
C0961,2023-03-06,Kochi,Kerala,Semi-Urban,4260523,1,3,715,436,432,609,177,3,Spring
C0962,2023-06-30,Kochi,Kerala,Semi-Urban,6261011,2,6,253,154,141,248,107,6,Summer
C0963,2023-07-25,Bengaluru,Karnataka,Urban,4126129,3,4,482,412,396,488,92,7,Monsoon
C0964,2024-01-21,Bengaluru,Karnataka,Urban,7262202,1,5,787,516,502,678,176,1,Winter
C0965,2023-06-07,Shimla,Himachal Pradesh,Rural,3412909,2,2,136,102,101,269,168,6,Summer
C0966,2024-11-14,Pune,Maharashtra,Urban,7020338,3,2,438,374,364,536,172,11,Autumn
C0967,2023-03-01,Gaya,Bihar,Rural,8723070,1,3,427,329,313,363,50,3,Spring
C0968,2023-01-24,Kochi,Kerala,Semi-Urban,6111524,2,4,298,230,225,311,86,1,Winter
C0969,2023-11-27,Jaipur,Rajasthan,Urban,2095208,2,4,128,110,105,234,129,11,Autumn
C0970,2023-10-27,Bhuj,Gujarat,Semi-Urban,8738617,1,2,184,144,137,315,178,10,Autumn
C0971,2024-02-11,Jaipur,Rajasthan,Urban,5799640,2,4,703,558,509,633,124,2,Winter
C0972,2024-03-08,Jaipur,Rajasthan,Urban,4088283,3,2,177,123,121,245,124,3,Spring
C0973,2023-08-26,Shimla,Himachal Pradesh,Rural,7076546,2,3,506,398,361,493,132,8,Monsoon
C0974,2023-10-17,Darbhanga,Bihar,Rural,3396129,2,5,378,336,313,435,122,10,Autumn
C0975,2023-02-01,Bhuj,Gujarat,Semi-Urban,2810023,2,6,343,259,256,372,116,2,Winter
C0976,2023-10-23,Chennai,Tamil Nadu,Urban,5636007,2,5,702,625,595,687,92,10,Autumn
C0977,2024-10-03,Chennai,Tamil Nadu,Urban,9155754,1,4,187,132,119,248,129,10,Autumn
C0978,2023-09-27,Darbhanga,Bihar,Rural,2365716,1,4,632,414,390,576,186,9,Monsoon
C0979,2024-06-17,Darbhanga,Bihar,Rural,5695910,1,3,373,265,238,394,156,6,Summer
C0980,2024-11-25,Aligarh,Uttar Pradesh,Rural,6207692,2,6,657,586,528,691,163,11,Autumn
C0981,2023-04-04,Darbhanga,Bihar,Rural,6123450,3,6,342,273,271,391,120,4,Summer
C0982,2024-06-16,Darbhanga,Bihar,Rural,5636022,3,2,334,296,287,349,62,6,Summer
C0983,2024-06-26,Gaya,Bihar,Rural,2401873,1,2,581,361,343,531,188,6,Summer
C0984,2024-04-03,Pune,Maharashtra,Urban,5350049,1,4,605,543,519,577,58,4,Summer
C0985,2023-02-23,Bhuj,Gujarat,Semi-Urban,2811086,1,3,213,159,152,230,78,2,Winter
C0986,2024-01-01,Pune,Maharashtra,Urban,1715326,1,5,636,513,465,558,93,1,Winter
C0987,2024-07-12,Chennai,Tamil Nadu,Urban,9565348,1,2,634,475,470,556,86,7,Monsoon
C0988,2023-11-21,Shimla,Himachal Pradesh,Rural,6471013,2,2,105,71,70,130,60,11,Autumn
C0989,2024-08-11,Jaipur,Rajasthan,Urban,3480470,1,6,224,162,149,226,77,8,Monsoon
C0990,2023-01-27,Jaipur,Rajasthan,Urban,5058262,3,5,119,96,90,171,81,1,Winter
C0991,2024-03-31,Darbhanga,Bihar,Rural,712080,2,4,257,154,149,226,77,3,Spring
C0992,2023-05-13,Bengaluru,Karnataka,Urban,270606,1,3,702,565,537,627,90,5,Summer
C0993,2023-01-15,Aligarh,Uttar Pradesh,Rural,7695556,1,6,587,450,419,615,196,1,Winter
C0994,2024-06-21,Shimla,Himachal Pradesh,Rural,3587025,2,2,337,268,260,415,155,6,Summer
C0995,2024-10-29,Gaya,Bihar,Rural,2171582,1,2,482,318,299,356,57,10,Autumn
C0996,2024-05-10,Kochi,Kerala,Semi-Urban,7964388,2,4,283,190,179,258,79,5,Summer
C0997,2024-07-17,Bengaluru,Karnataka,Urban,2599401,1,2,141,117,108,225,117,7,Monsoon
C0998,2023-08-18,Shimla,Himachal Pradesh,Rural,6043455,1,5,201,142,136,304,168,8,Monsoon
C0999,2023-09-19,Shimla,Himachal Pradesh,Rural,1303888,1,6,124,101,99,202,103,9,Monsoon
C1000,2023-02-13,Bhuj,Gujarat,Semi-Urban,888176,1,3,207,140,130,286,156,2,Winter
